Date,Movement_PerC,Open,High,Low,Close,Volume,latent_1,latent_2,latent_3,latent_4,latent_5
2016-03-31,-0.005825,0.035581,0.043385,0.029338,-0.298561,8335000.0,0.43390816,-2.130295,-1.323307,-0.1570536,-1.3237438
2016-03-30,-0.001876,0.041428,0.042791,0.034223,-0.096314,6403900.0,0.8011705,-1.7048064,-1.9373255,-0.3800503,-1.9186258
2016-03-29,0.009275,0.039885,0.049712,0.033203,0.471924,7376700.0,0.91560745,-1.4197587,-2.16259,-0.43115094,-2.2535894
2016-03-28,-0.004522,0.039291,0.042617,0.030095,-0.231148,6046800.0,0.48484612,-2.2084062,-1.3832518,-0.15151304,-1.4565847
2016-03-24,-0.000188,0.03264,0.043594,0.028728,-0.009628,7566200.0,0.57969284,-1.6501702,-2.059312,-0.2891331,-1.834276
2016-03-23,0.000943,0.049473,0.049473,0.034788,0.048157,9947500.0,0.4910612,-1.4257098,-2.271684,-0.26106215,-1.802485
2016-03-22,0.004356,0.033987,0.051292,0.033397,0.221515,9302300.0,0.6576002,-1.3102151,-2.314125,-0.048258986,-2.002529
2016-03-21,0.010526,0.039903,0.049839,0.035332,0.529702,7647100.0,0.9188835,-1.3015598,-2.1690266,0.3876811,-2.199688
2016-03-18,0.013972,0.042544,0.056246,0.039522,0.693432,14424300.0,0.6937525,-1.7391471,-1.6321853,0.7587502,-1.6325924
2016-03-17,-0.007894,0.038113,0.038912,0.026118,-0.394875,9578400.0,0.41237044,-2.036934,-1.0535824,1.0200601,-0.75781256
2016-03-16,-0.009157,0.036134,0.036134,0.021278,-0.462284,9981300.0,0.10967428,-2.1019876,-1.1821313,0.3580778,-0.5707215
2016-03-15,-0.012434,0.026576,0.029706,0.016209,-0.635647,9060700.0,0.026990563,-2.0061405,-1.6983465,-0.16776839,-0.6629245
2016-03-14,-0.002256,0.037337,0.040655,0.031287,-0.115574,6532900.0,0.33063674,-1.4411775,-2.7439258,-0.74864745,-1.1108034
2016-03-11,0.011792,0.047002,0.05569,0.042262,0.597122,15532400.0,0.3357722,-1.1826493,-2.984914,-0.7958937,-1.3694961
2016-03-10,0.012987,0.053998,0.065,0.048797,0.649231,12267500.0,0.4065038,-1.2428621,-3.0887039,-0.5017136,-1.4697614
2016-03-09,-0.001716,0.049993,0.056183,0.040407,-0.085922,9150600.0,0.23754048,-1.7930479,-2.6020052,-0.06801697,-1.1362882
2016-03-08,-0.00361,0.041825,0.053167,0.040432,-0.181408,8269000.0,0.16997936,-1.608377,-2.8517704,-0.21622595,-1.255373
2016-03-07,0.010753,0.04257,0.064491,0.04076,0.534661,7466300.0,0.07293848,-1.252759,-3.267549,-0.35148814,-1.4755499
2016-03-04,-0.000384,0.042371,0.051216,0.035334,-0.019089,9085800.0,-0.40132344,-1.4972537,-3.0811412,0.073438175,-0.83447284
2016-03-03,-0.003253,0.045593,0.048398,0.024954,-0.162316,9808800.0,-0.5021787,-1.260615,-3.3016942,0.11989949,-0.7739686
2016-03-02,0.010048,0.044968,0.061362,0.042741,0.496472,11974100.0,-0.31763247,-1.0107502,-3.5723736,0.15858799,-1.0585024
2016-03-01,0.030671,0.051151,0.083485,0.044893,1.47031,12105700.0,-0.11900666,-1.0725456,-3.4825213,0.5777283,-1.44123
2016-02-29,-0.008491,0.044915,0.051326,0.037262,-0.410534,12888700.0,-0.5052846,-2.0995352,-2.0842845,1.4537405,-1.064726
2016-02-26,-0.007059,0.048423,0.050066,0.039798,-0.343719,9251300.0,-0.42858016,-1.7275735,-2.5793664,1.1401507,-1.2356064
2016-02-25,0.008703,0.047397,0.056512,0.043875,0.420093,8693700.0,-0.30287525,-1.0668072,-3.2557707,1.0061778,-1.4997032
2016-02-24,0.000396,0.039521,0.049054,0.028538,0.019097,7572700.0,-0.38057178,-1.2782799,-2.8621309,1.3981516,-1.3492095
2016-02-23,-0.00453,0.043064,0.050904,0.040382,-0.219594,7899500.0,-0.18690988,-1.3107761,-2.9109251,1.4525996,-1.4377577
2016-02-22,0.012969,0.05074,0.061189,0.047605,0.620583,7770300.0,-0.10687682,-0.8476068,-3.293858,1.470046,-1.5933421
2016-02-19,-0.003974,0.04594,0.049062,0.03803,-0.190945,8964200.0,-0.27425787,-1.0303131,-2.8599029,1.9580929,-1.251898
2016-02-18,-0.005534,0.047396,0.055469,0.040152,-0.26733,9612900.0,-0.049241632,-0.593022,-3.0691354,2.1479936,-1.4226134
2016-02-17,0.016472,0.052025,0.065702,0.051184,0.782894,9323300.0,0.3982505,-0.120462365,-3.2734163,2.4610834,-1.9122055
2016-02-16,0.015297,0.055301,0.067904,0.051883,0.716061,11416200.0,0.952052,-0.14797649,-2.946192,3.120193,-2.2974827
2016-02-12,0.003685,0.050184,0.052971,0.035175,0.171856,13598300.0,0.8188605,-0.61889243,-2.1934552,3.6761582,-1.8929799
2016-02-11,-0.013729,0.032171,0.044436,0.025827,-0.649231,11088400.0,0.73007786,-0.910408,-1.901132,3.7667708,-1.702168
2016-02-10,0.007526,0.054854,0.074029,0.054427,0.353256,11036100.0,1.189105,-0.14241183,-2.6837792,3.393556,-2.214706
2016-02-09,0.006758,0.044394,0.063269,0.038173,0.315067,10649100.0,0.93994856,-0.48688594,-2.0664244,3.796614,-1.7599669
2016-02-08,-0.011138,0.037852,0.046336,0.017489,-0.525115,13345100.0,0.70266616,-0.75185096,-1.6260147,3.9736886,-1.384979
2016-02-05,0.016259,0.047612,0.071755,0.040499,0.754253,16883000.0,0.5171522,-0.72712386,-1.6356748,3.60353,-1.2659256
2016-02-04,-0.029171,0.040072,0.040909,0.005124,-1.393929,20609200.0,0.21721524,-1.2533468,-1.118058,3.6336854,-0.964844
2016-02-03,-0.007141,0.030982,0.041163,0.009374,-0.343711,19568600.0,0.21601856,-0.90419394,-1.7047831,2.9181738,-1.4247725
2016-02-02,-0.006699,0.03749,0.042443,0.029854,-0.324612,14899300.0,0.27099246,-0.6681653,-1.8221031,2.6716943,-1.8893006
2016-02-01,0.001579,0.041609,0.053805,0.03024,0.076378,11431200.0,0.30957937,-0.52509797,-1.7568185,2.7345278,-1.8363171
2016-01-29,0.029878,0.06017,0.078691,0.055486,1.40348,16922700.0,0.4344111,-0.6411217,-1.6568071,2.8869686,-1.7334616
2016-01-28,-0.023228,0.046565,0.050931,0.018493,-1.117058,18126900.0,0.013409704,-1.3824013,-0.72501475,3.2353063,-1.1293523
2016-01-27,-0.020991,0.031314,0.049839,0.014417,-1.031127,13119100.0,-0.015260696,-1.4624414,-0.9258375,2.5804543,-1.713732
2016-01-26,0.010409,0.050071,0.061384,0.044105,0.506023,9017500.0,0.3452853,-0.48565248,-1.8971754,1.9663924,-2.4885368
2016-01-25,-0.008374,0.047396,0.049232,0.035362,-0.410553,9280500.0,0.3327068,-0.9271372,-1.2881206,2.3686256,-1.9806969
2016-01-22,0.008445,0.058093,0.064264,0.048014,0.410553,10812800.0,0.58651304,-0.47570327,-1.6771569,2.1919885,-2.3202028
2016-01-21,0.007319,0.052162,0.063351,0.037865,0.353249,11927200.0,0.43042225,-0.9309212,-1.0570587,2.5499175,-1.816088
2016-01-20,-0.015388,0.025975,0.040868,0.005778,-0.75425,15920400.0,0.3993312,-1.1061594,-0.77731454,2.769033,-1.5461717
2016-01-19,0.003911,0.056818,0.063167,0.040638,0.190952,10929500.0,0.6001434,-0.74171376,-1.1680181,2.2732387,-2.049556
2016-01-15,-0.012741,0.02111,0.037286,0.013022,-0.630138,15367400.0,0.72269124,-0.83015835,-0.9872497,2.5747483,-2.0081007
2016-01-14,0.022503,0.047603,0.077376,0.045949,1.088425,13568500.0,0.9174441,-0.4108139,-1.4346975,2.227781,-2.4080243
2016-01-13,-0.021252,0.050432,0.053467,0.023519,-1.050232,16546600.0,0.53571355,-1.1687962,-0.42248738,2.6977,-1.7187593
2016-01-12,0.009951,0.05271,0.064155,0.041878,0.486919,11321000.0,0.66679174,-0.78437376,-0.88160056,2.193863,-2.1229353
2016-01-11,0.003328,0.050882,0.056829,0.037759,0.162304,14367400.0,0.35392272,-1.1460015,-0.29839098,2.434489,-1.4317081
2016-01-08,-0.016936,0.058483,0.058685,0.025223,-0.840172,14156200.0,0.15608063,-1.5984493,-0.17530505,2.1588154,-1.205271
2016-01-07,-0.008775,0.029414,0.045398,0.027815,-0.439186,12720000.0,-0.13897198,-1.6507947,-0.40795702,1.4696418,-1.4087031
2016-01-06,-0.013735,0.034784,0.043455,0.028872,-0.696964,12465900.0,-0.20114493,-1.4933695,-0.54816073,1.1099138,-1.4430633
2016-01-05,0.012767,0.053583,0.067155,0.051188,0.639679,11075500.0,-0.1109744,-0.81298023,-1.1686695,0.6312083,-1.9102192
2016-01-04,-0.006437,0.031335,0.043232,0.023403,-0.324608,17174600.0,-0.35557497,-1.5444251,-0.45630306,1.0621887,-1.349997
2015-12-31,-0.008075,0.038545,0.048183,0.035792,-0.410545,8264400.0,-0.3932367,-1.2979376,-0.6888798,0.691579,-1.6520164
2015-12-30,-0.001687,0.047397,0.052109,0.042291,-0.085927,5560300.0,-0.01000689,-0.5408344,-1.3635238,0.48278716,-2.2161694
2015-12-29,0.009462,0.049973,0.062659,0.048784,0.477368,6608500.0,-0.019547954,-0.37426057,-1.4528588,0.5260121,-2.3345056
2015-12-28,-0.000189,0.046207,0.051162,0.041847,-0.009545,4836300.0,0.021332055,-0.571295,-1.1208334,0.9803349,-2.2381294
2015-12-24,-0.002454,0.04364,0.050362,0.040082,-0.124118,2980100.0,0.24357018,-0.333768,-1.1977924,1.1990056,-2.3643444
2015-12-23,0.016891,0.053026,0.069913,0.052624,0.840187,7127400.0,0.5912147,-0.14765647,-1.2753118,1.3608387,-2.5235004
2015-12-22,0.004434,0.050223,0.054666,0.035483,0.219581,13196900.0,0.43673515,-0.6995868,-0.3217318,2.1267793,-1.6993954
2015-12-21,0.004454,0.057741,0.057741,0.038472,0.219601,11636100.0,0.2923733,-0.9834441,-0.11843316,2.0439253,-1.3511558
2015-12-18,-0.01937,0.037253,0.040634,0.026512,-0.973843,21101800.0,0.046232626,-1.2997983,-0.049799994,1.7613916,-1.0077419
2015-12-17,-0.025176,0.049142,0.051856,0.021027,-1.298461,13517100.0,0.11024091,-0.81381106,-0.57448274,1.1885029,-1.7638724
2015-12-16,0.021172,0.057692,0.071354,0.049376,1.069313,10014300.0,0.3542812,-0.026619323,-1.2715849,0.84752715,-2.2136269
2015-12-15,0.01341,0.053015,0.067261,0.047998,0.668327,11585900.0,0.7889328,-0.58104753,-0.61259377,1.5656993,-2.248082
2015-12-14,0.000959,0.047397,0.051614,0.037354,0.047741,11999200.0,0.447605,-0.9958495,0.00416936,1.8804474,-1.6545703
2015-12-11,-0.020289,0.042871,0.04838,0.023587,-1.031136,10397900.0,0.31587815,-1.2877909,0.16868912,1.707432,-1.4612572
2015-12-10,0.016471,0.060448,0.079649,0.056448,0.823517,11436400.0,0.65674657,-0.6483736,-0.8188489,0.847932,-2.3405747
2015-12-09,-0.012156,0.052694,0.059214,0.037678,-0.615269,10357200.0,0.3394273,-1.2659795,-0.16330002,1.24839,-1.6461177
2015-12-08,-0.003912,0.054283,0.070618,0.047395,-0.198772,7573200.0,0.4191355,-0.9295481,-0.58455306,0.7675393,-2.0343757
2015-12-07,0.000746,0.063932,0.068068,0.047388,0.037861,8696000.0,0.36289907,-0.9184482,-0.5268624,0.7661757,-1.8719351
2015-12-04,0.019966,0.062073,0.078344,0.061269,0.993893,13687000.0,0.32495633,-0.9385321,-0.58355314,0.8471029,-1.7457364
2015-12-03,-0.022854,0.061355,0.061748,0.025434,-1.16428,13595100.0,-0.04913637,-1.5367347,0.07557361,0.97869194,-0.9415441
2015-12-02,-0.013744,0.05819,0.064579,0.040573,-0.709923,10099300.0,0.30126446,-1.1299158,-0.7245328,0.26814285,-1.7796526
2015-12-01,0.029428,0.071594,0.088932,0.065017,1.476646,12996800.0,0.5753552,-0.53240305,-1.3956112,0.05411801,-2.318423
2015-11-30,-0.017606,0.058014,0.059385,0.037653,-0.899242,13363200.0,0.22896488,-1.6175858,0.12088512,0.81789696,-1.3936431
2015-11-27,0.004468,0.049368,0.065887,0.049368,0.227173,2981600.0,0.7220904,-0.98938656,-0.8240425,0.2671086,-2.260112
2015-11-25,0.004488,0.059213,0.06514,0.056053,0.227176,6078900.0,0.5077683,-1.3483247,-0.35641038,0.5205226,-1.6947916
2015-11-24,-0.009813,0.047646,0.049993,0.038648,-0.501674,10507200.0,0.33070216,-1.5722579,0.09013581,0.6304933,-1.1653538
2015-11-23,-0.001664,0.056057,0.058401,0.050199,-0.08519,8688100.0,0.6691198,-1.188528,-0.70721525,0.14170553,-1.6470008
2015-11-20,-0.003316,0.062871,0.067736,0.050998,-0.170387,8933300.0,0.80150026,-0.9376546,-0.9956823,0.0021331361,-1.8163877
2015-11-19,0.000922,0.060539,0.062292,0.050409,0.047332,6839200.0,0.84362894,-0.58582205,-1.2106961,0.1331814,-1.9516695
2015-11-18,0.009682,0.059398,0.068446,0.056251,0.492211,10811400.0,1.1164656,-0.4754624,-1.2659129,0.37120393,-2.1067178
2015-11-17,0.000186,0.056645,0.068252,0.048382,0.009468,7126600.0,1.5140519,-0.70455515,-0.91209656,0.81696683,-2.0092568
2015-11-16,0.012634,0.039714,0.071987,0.038518,0.634201,6907800.0,1.4997153,-0.7103173,-0.6994849,1.0017464,-1.6035552
2015-11-13,0.0,0.065014,0.070194,0.053858,0.0,11394500.0,1.1776223,-1.2805318,-0.330688,0.88954043,-0.9712885
2015-11-12,-0.012844,0.053891,0.061364,0.042878,-0.653137,8577500.0,0.75599104,-1.6044184,-0.19727598,0.3175437,-0.33414933
2015-11-11,-0.013044,0.063823,0.067511,0.041891,-0.672062,8544600.0,0.64013964,-1.567583,-0.6024555,-0.56387264,-0.2623981
2015-11-10,0.003503,0.059175,0.06346,0.052163,0.179847,7462300.0,0.6745978,-1.1155099,-1.2157634,-0.99276936,-0.12279698
2015-11-09,-0.006775,0.045228,0.052579,0.039617,-0.350227,9140200.0,0.6537707,-0.9433378,-1.0810541,-1.0129316,0.6725063
2015-11-06,-0.007993,0.051458,0.053185,0.036489,-0.416489,10723000.0,0.65813357,-0.7287022,-1.3139901,-1.3372221,0.92279094
2015-11-05,-0.008644,0.055116,0.059302,0.040277,-0.454353,9046800.0,0.74893117,-0.42099482,-2.0432563,-1.6936641,0.50902265
2015-11-04,0.007621,0.063349,0.0691,0.05779,0.397556,7749200.0,0.86256087,0.064759724,-2.8992424,-1.9952087,-0.13098668
2015-11-03,0.0,0.055873,0.061624,0.044371,0.0,9216200.0,0.6242094,-0.18391153,-2.6335871,-1.697844,0.018688768
2015-11-02,0.008233,0.057028,0.069397,0.051616,0.425957,10559100.0,0.25382888,0.14426309,-2.9713247,-1.5500304,0.5030108
2015-10-30,-0.003827,0.054907,0.064149,0.052404,-0.198784,11017400.0,0.058157146,0.078977846,-3.1585238,-1.393169,0.8368408
2015-10-29,-0.004174,0.053764,0.066801,0.044369,-0.217704,8907300.0,-0.19118693,0.30244032,-3.530485,-1.4259453,0.48728186
2015-10-28,0.030484,0.066722,0.089443,0.058028,1.542903,14710000.0,-0.47989058,0.4631469,-3.8393779,-1.314681,-0.043396965
2015-10-27,0.010584,0.07342,0.080208,0.053852,0.530079,13956900.0,-0.79082865,-0.20722717,-3.5003026,-0.31239274,-0.2764804
2015-10-26,0.000567,0.051853,0.062242,0.048257,0.028401,10975200.0,-0.9036762,-0.23107556,-3.3995721,0.34008393,-0.29990286
2015-10-23,0.016728,0.063354,0.081635,0.059089,0.823517,15703500.0,-0.6191155,-0.06393833,-3.5804622,0.61515534,-0.6462296
2015-10-22,0.028069,0.061251,0.097587,0.050392,1.344123,18449600.0,-0.30909795,-0.26462293,-3.3225644,1.1541107,-1.0308518
2015-10-21,0.003969,0.063995,0.068817,0.051416,0.189309,11269900.0,-0.5331851,-0.84064007,-2.383646,2.0390773,-0.6978525
2015-10-20,-0.01965,0.056242,0.057887,0.029728,-0.956032,9876200.0,-0.8033462,-0.57563925,-2.5689166,2.0658195,-0.30032754
2015-10-19,-0.001554,0.05337,0.057884,0.045161,-0.075726,8441900.0,-0.7724962,0.1580916,-3.2840445,1.8040795,-0.38428852
2015-10-16,0.014984,0.068529,0.077277,0.063946,0.719391,11092500.0,-0.3453123,0.43793732,-3.4207861,2.0774646,-0.6398364
2015-10-15,0.023819,0.05922,0.089289,0.050263,1.116951,14037500.0,0.0036250502,0.20401067,-3.0252314,2.7481878,-0.6548747
2015-10-14,0.001415,0.05901,0.070329,0.056021,0.066261,13731200.0,-0.38055885,-0.2655108,-2.2300675,3.2796788,-0.26436228
2015-10-13,-0.024453,0.057906,0.060614,0.028323,-1.173748,14905900.0,-0.6123839,-0.44037136,-2.1086621,3.1684387,-0.0624319
2015-10-12,-0.00471,0.030736,0.054374,0.030322,-0.227176,11653300.0,-0.5653477,0.36977637,-2.7887704,2.7223933,-0.33497256
2015-10-09,-0.001372,0.055827,0.066594,0.049615,-0.066258,10921400.0,-0.39853787,0.5652721,-2.8192494,2.7716002,-0.52796257
2015-10-08,0.001374,0.050435,0.061424,0.039652,0.066258,12542000.0,-0.13878024,0.8268118,-2.8531077,3.1070695,-0.7829956
2015-10-07,0.023092,0.070449,0.08445,0.055811,1.088554,14508200.0,-0.0025545508,0.9981276,-2.9577255,3.4275842,-0.6012706
2015-10-06,-0.027913,0.059747,0.059747,0.01706,-1.353588,16493500.0,-0.033667013,0.8527874,-2.4064775,3.995122,-0.1677489
2015-10-05,0.021739,0.076043,0.08131,0.068036,1.031757,15881600.0,0.28817055,1.7360872,-3.1991146,3.6786718,-0.2958635
2015-10-02,0.015596,0.044037,0.073139,0.034621,0.728855,24287900.0,0.7162597,1.8563248,-2.8251736,4.490257,-0.5956512
2015-10-01,-0.000405,0.055592,0.060298,0.038266,-0.018928,14408600.0,0.8629398,1.5898646,-2.421059,4.9511786,-0.60424674
2015-09-30,0.015211,0.072734,0.075774,0.060791,0.700458,12679100.0,0.6076286,1.4955375,-1.9487585,5.110185,-0.3033422
2015-09-29,0.00475,0.059939,0.075648,0.051648,0.217717,12802900.0,0.45438576,1.1580911,-1.3663518,5.3920856,0.1158793
2015-09-28,-0.02379,0.050058,0.051549,0.024286,-1.116955,20150500.0,0.41712064,0.8026716,-1.1205496,5.2639937,0.11002749
2015-09-25,-0.019569,0.063339,0.071692,0.025959,-0.9371,15322700.0,0.32756218,0.61071396,-1.1674703,4.6028104,-0.58753663
2015-09-24,-0.008622,0.046097,0.052929,0.039679,-0.416484,10508300.0,0.30108678,0.84908426,-1.3333138,4.141054,-0.6927836
2015-09-23,0.005715,0.056448,0.071022,0.04916,0.274494,10055500.0,-0.09513399,1.0123001,-1.0502534,4.017365,0.08652568
2015-09-22,-0.004708,0.047537,0.056862,0.041527,-0.227173,12795600.0,-0.3586647,0.88821137,-0.76138365,3.942006,0.4928108
2015-09-21,-0.02206,0.06273,0.06273,0.027265,-1.088554,17243300.0,-0.8535995,0.8083155,-0.7126381,3.4132328,0.4290824
2015-09-18,-0.033914,0.050966,0.054686,0.016312,-1.73222,28997900.0,-1.045989,1.0333393,-1.0095555,2.7206688,0.073054746
2015-09-17,0.001671,0.056056,0.068803,0.039778,0.08519,22799900.0,-1.0679457,2.0997481,-1.8314716,2.0341659,0.024491355
2015-09-16,0.005976,0.055659,0.064734,0.05191,0.302906,8681400.0,-0.62360555,2.326337,-1.9407564,2.4310694,-0.0740654
2015-09-15,0.023118,0.065329,0.087733,0.063109,1.145343,11792200.0,-0.4130755,2.4832084,-2.0039995,2.6817815,-0.13905185
2015-09-14,0.0048,0.057056,0.069428,0.05442,0.236649,8791400.0,-0.31805873,1.9850067,-1.3822937,3.384427,-0.13204184
2015-09-11,-0.003444,0.055235,0.060086,0.045129,-0.170391,12090800.0,-0.36816514,1.9552647,-1.2438833,3.5888567,0.07088438
2015-09-10,0.015213,0.06739,0.091602,0.064107,0.741405,14065400.0,-0.15497595,2.4333608,-1.3534116,3.5375042,0.09190059
2015-09-09,-0.014424,0.076059,0.078486,0.047747,-0.713241,11116700.0,-0.13437915,2.0294719,-0.78893745,3.970757,0.47125143
2015-09-08,0.021322,0.094872,0.095078,0.078142,1.032329,14961100.0,0.13418218,2.8451455,-0.9608068,3.7940514,0.73545426
2015-09-04,-0.020133,0.054412,0.057245,0.035793,-0.9948,14491300.0,-0.014384091,2.604359,-0.10069315,4.161208,1.6181443
2015-09-03,-0.006229,0.071376,0.077007,0.0579,-0.309693,12149100.0,0.08585933,3.0380833,0.080385655,3.705145,2.2312148
2015-09-02,0.008567,0.078525,0.080554,0.061892,0.422322,13130800.0,0.066321075,3.1857998,0.37359554,3.50793,2.5048072
2015-09-01,-0.024513,0.041996,0.053275,0.032894,-1.238808,15747400.0,0.075547874,2.8527188,0.75123715,3.362515,2.6304765
2015-08-31,-0.027452,0.060732,0.064196,0.031866,-1.426502,12917100.0,0.029940724,3.2670152,0.475079,3.0186415,3.0717514
2015-08-28,0.007643,0.062247,0.074463,0.058562,0.394169,12797000.0,0.15867487,3.718529,0.20036031,2.647944,2.8045006
2015-08-27,0.009739,0.082382,0.084731,0.050271,0.497394,16135600.0,0.5068198,3.5632038,0.61267585,3.0285373,2.7744727
2015-08-26,0.063514,0.11198,0.137176,0.09303,3.050083,22891200.0,0.7722562,3.4721012,1.2617754,3.4275599,3.2851884
2015-08-25,-0.052232,0.093173,0.093568,0.006533,-2.64653,22849800.0,1.0470169,2.7026517,3.1443145,4.228329,4.58459
2015-08-24,-0.031917,0.013957,0.039368,-0.127046,-1.670509,24838600.0,0.6130905,2.5475895,3.4785893,3.0268598,2.8231406
2015-08-21,-0.02072,0.058807,0.078266,0.043278,-1.107426,17632500.0,0.21619102,1.7244118,2.9777439,1.1433133,1.2769871
2015-08-20,-0.045424,0.041074,0.045718,0.013391,-2.5433,23694400.0,-0.26428384,1.3386731,2.6106985,-0.029854247,0.56622183
2015-08-19,0.0,0.05947,0.072866,0.057149,0.0,7966500.0,-0.30336028,1.6790904,0.39128178,-1.7427409,-1.3595083
2015-08-18,-0.000837,0.064829,0.069826,0.062866,-0.046925,6797400.0,-0.44892257,1.7528856,0.090351775,-1.7208489,-1.3327718
2015-08-17,0.008956,0.058701,0.075806,0.05474,0.497402,6113700.0,-0.53870445,1.9202064,-0.099087134,-1.5040475,-1.4981024
2015-08-14,0.003391,0.066085,0.076202,0.063556,0.187695,9466400.0,-0.2730412,1.7879996,0.116625264,-1.1313119,-1.6771994
2015-08-13,0.012358,0.070847,0.087307,0.069932,0.675712,10957200.0,0.08762832,1.9010385,0.16916884,-0.7526294,-1.692744
2015-08-12,0.008657,0.056688,0.075136,0.053736,0.46925,7525300.0,-0.05436814,1.4605018,1.0775739,-0.3059679,-1.4246402
2015-08-11,-0.011128,0.056787,0.06153,0.050037,-0.610023,7078300.0,-0.19170818,1.0026709,1.7655535,-0.34891614,-0.8453141
2015-08-10,0.00759,0.070873,0.077307,0.070873,0.412929,5052400.0,-0.17831606,1.2237903,1.1721815,-0.7497884,-1.1502852
2015-08-07,-0.007873,0.064084,0.065908,0.051683,-0.431705,9712400.0,-0.42329282,0.8275408,1.74919,-0.8433515,-0.6453221
2015-08-06,-0.011337,0.066625,0.068247,0.05148,-0.628781,7019700.0,-0.4109503,0.7361037,1.497415,-1.2606951,-0.7307219
2015-08-05,0.006814,0.072441,0.076071,0.066814,0.375393,5702600.0,-0.20144248,1.5580324,0.23451288,-1.493911,-1.5367413
2015-08-04,-0.005927,0.07258,0.073122,0.053273,-0.328468,6935800.0,-0.37192535,1.1544462,0.7447823,-1.3920455,-1.1465182
2015-08-03,0.001526,0.071688,0.074398,0.056868,0.084465,6807000.0,-0.56568897,1.7386825,-0.0091929585,-1.3037189,-1.3360062
2015-07-31,0.007519,0.074283,0.080292,0.06882,0.412929,8752500.0,-0.5606042,1.8393353,-0.17149734,-1.0288575,-1.2759945
2015-07-30,-0.000342,0.066999,0.070639,0.06081,-0.018768,6989500.0,-0.18251047,1.766539,0.28555554,-0.45118484,-1.4449291
2015-07-29,0.017733,0.068692,0.089625,0.067766,0.957256,12876000.0,0.2861307,1.9219118,0.42736953,-0.13372208,-1.801882
2015-07-28,0.0093,0.056755,0.077696,0.043854,0.497403,16387100.0,0.4197957,1.3723208,1.4377192,0.67740124,-1.7436812
2015-07-27,-0.007316,0.065914,0.066285,0.051066,-0.394169,14887000.0,0.19794437,0.9611282,1.9429373,0.4949681,-1.1611452
2015-07-24,-0.011366,0.058937,0.062057,0.051781,-0.6194,7847100.0,-0.23642439,0.89503455,1.8589014,-0.18410555,-1.1543157
2015-07-23,-0.001032,0.072875,0.072875,0.06206,-0.056305,6441600.0,-0.44273442,0.80364966,1.453058,-0.94013476,-1.0754213
2015-07-22,-0.009204,0.062637,0.072081,0.053556,-0.506783,8617800.0,-0.65476054,0.60191345,1.5118296,-1.2846789,-0.80516124
2015-07-21,-0.005593,0.065362,0.065904,0.059222,-0.309704,6932800.0,-0.6086101,1.0323741,0.45750576,-1.6921291,-1.2922306
2015-07-20,0.00306,0.068079,0.072427,0.066268,0.168927,5697200.0,-0.5004541,1.5292772,-0.34787738,-1.7717025,-1.5511103
2015-07-17,0.0,0.063369,0.067354,0.061376,0.0,6988900.0,-0.51212007,1.5497824,-0.22238271,-1.4073977,-1.6746094
2015-07-16,0.010306,0.070851,0.077439,0.067922,0.563095,5324700.0,-0.29519168,1.8093252,-0.30924898,-1.0862349,-2.0795507
2015-07-15,0.000516,0.064994,0.072318,0.063346,0.028152,5748600.0,-0.20512399,1.5113462,0.35301715,-0.47897977,-2.1584582
2015-07-14,0.00553,0.066096,0.073092,0.062045,0.300324,7235100.0,0.044254303,1.647183,0.3553586,-0.16779056,-2.292522
2015-07-13,-0.001381,0.071059,0.076575,0.060578,-0.075081,9133800.0,0.16735715,1.466972,0.62871325,0.13778096,-2.0888653
2015-07-10,0.009934,0.078356,0.081699,0.069257,0.534935,8047400.0,0.3404966,1.7649448,0.5927314,0.25784543,-2.2287552
2015-07-09,0.000523,0.078363,0.080778,0.065543,0.02816,8664200.0,0.04358837,1.12569,1.2522838,0.40214667,-1.8128166
2015-07-08,-0.011037,0.060765,0.060949,0.049557,-0.600647,9111600.0,0.039046608,1.0027791,1.4199357,0.4454315,-1.7458186
2015-07-07,0.007646,0.069246,0.075726,0.058692,0.412945,9034300.0,0.25366157,1.9109423,0.68517226,0.31813088,-2.1448147
2015-07-06,-0.002081,0.057598,0.068684,0.046512,-0.112618,8054100.0,0.38288215,1.6600422,0.99816054,0.6380519,-2.1312728
2015-07-02,0.001215,0.071833,0.079047,0.063693,0.065693,8518400.0,0.34914654,1.698047,1.0955267,0.6916258,-1.931632
2015-07-01,0.011769,0.065543,0.083137,0.059554,0.628788,9380100.0,0.441425,1.6257641,1.2983594,0.8215354,-1.9659257
2015-06-30,-0.006284,0.073355,0.073355,0.054756,-0.337856,11847300.0,0.23090097,1.2260852,1.9323529,0.8146744,-1.4198856
2015-06-29,-0.020516,0.055341,0.060624,0.042953,-1.12619,9601200.0,-0.011959627,1.2876812,1.9126452,0.4078698,-1.267143
2015-06-26,0.01019,0.071432,0.077137,0.064623,0.553711,13083700.0,-0.053165898,1.7594575,1.1796316,-0.16680047,-1.6122825
2015-06-25,-0.005838,0.065726,0.072129,0.056029,-0.319088,9951200.0,-0.109401375,1.3922563,1.642413,-0.040813234,-1.2920873
2015-06-24,-0.013383,0.063557,0.065543,0.051283,-0.741406,7908400.0,-0.072573125,1.4913305,1.4052781,-0.20352349,-1.3552165
2015-06-23,0.0034,0.066449,0.069528,0.059928,0.187699,8371000.0,0.31570148,2.2804058,0.5653303,-0.20719218,-1.8412049
2015-06-22,0.013611,0.079312,0.086839,0.072703,0.741405,8362500.0,0.63941777,2.3660548,0.6296999,0.07040262,-1.6928892
2015-06-19,-0.009387,0.062269,0.07009,0.053904,-0.516167,12613500.0,0.76301515,2.0528262,1.2243567,0.60963327,-1.2880883
2015-06-18,0.011742,0.065543,0.083207,0.065543,0.638169,7440500.0,1.1066927,2.6000226,0.88568825,0.64675784,-1.4084728
2015-06-17,0.003466,0.065543,0.074036,0.061112,0.187702,7917300.0,1.1901238,2.2619565,1.6940514,1.1360037,-0.8937977
2015-06-16,0.010329,0.067782,0.076922,0.061066,0.553707,6968900.0,1.2034211,2.1964152,2.2255545,1.3204057,-0.5554486
2015-06-15,-0.01296,0.060572,0.061308,0.049892,-0.703861,10106500.0,1.1796131,1.8169041,2.6980617,1.3324087,-0.46927065
2015-06-12,-0.017654,0.063373,0.063553,0.045285,-0.976029,15812300.0,1.1670043,1.4723337,2.4712586,0.78355056,-0.8913502
2015-06-11,-0.004226,0.066263,0.069325,0.059779,-0.234634,11640300.0,1.509336,1.6149542,1.7224231,0.1727832,-1.7613058
2015-06-10,0.013086,0.076203,0.088611,0.074925,0.71719,10223200.0,1.7980912,2.2439978,1.101128,0.023748955,-2.295158
2015-06-09,-0.00051,0.075289,0.081308,0.07073,-0.027951,6445200.0,1.5080175,1.6736246,2.0978348,0.41052604,-1.2575634
2015-06-08,-0.002034,0.071828,0.076924,0.069462,-0.111763,8047800.0,1.2817636,1.6595005,2.2482586,0.21431804,-1.0820564
2015-06-05,-0.008071,0.071662,0.072565,0.061552,-0.447078,10881800.0,0.95462126,1.6261104,2.347159,-0.1924485,-0.9048678
2015-06-04,-0.015234,0.066003,0.070448,0.053736,-0.856888,10830300.0,0.7644562,1.5160471,2.2151384,-0.93435323,-1.002348
2015-06-03,0.00249,0.081134,0.085055,0.074004,0.139709,8654800.0,0.9431964,1.8432862,1.1190357,-1.6392841,-1.5375235
2015-06-02,-0.008395,0.068346,0.068523,0.057212,-0.47501,8993000.0,0.78175575,1.8550884,1.1023649,-1.5386677,-1.2496369
2015-06-01,-0.002299,0.072943,0.087931,0.06395,-0.130394,11807400.0,0.975671,2.1597457,0.38840628,-1.5284066,-1.6479213
2015-05-29,0.019933,0.076885,0.099185,0.069512,1.108365,20015600.0,1.2104564,2.3893683,0.42022693,-1.1855097,-2.2727838
2015-05-28,0.004036,0.073467,0.08069,0.072203,0.223537,9530100.0,1.5251815,1.8504353,1.4317602,-0.31777486,-2.2061405
2015-05-27,0.008309,0.075833,0.088395,0.071827,0.456387,9726700.0,1.4718127,1.6353445,1.8022377,-0.19821097,-1.6785684
2015-05-26,-0.006905,0.07184,0.074733,0.064065,-0.381878,10857700.0,1.1522286,1.3602406,2.3386104,-0.2545559,-1.1014771
2015-05-22,-0.01198,0.073112,0.073112,0.060071,-0.670613,8990400.0,0.929647,1.1908674,2.203737,-0.96398604,-1.2259154
2015-05-21,-0.005954,0.075246,0.079508,0.067078,-0.3353,8039000.0,1.0421419,1.1987191,1.493975,-1.6860482,-1.607419
2015-05-20,-0.000991,0.076309,0.079502,0.072229,-0.055889,6034900.0,1.2719731,1.6592355,0.72842884,-1.8022898,-2.2146282
2015-05-19,0.008499,0.072753,0.089929,0.072396,0.475021,8128700.0,1.1191995,1.8151914,0.4857747,-1.8360991,-2.1617038
2015-05-18,-0.003653,0.072578,0.07757,0.069726,-0.20491,7190400.0,1.0485885,1.6141196,0.8466115,-1.5815079,-1.9873533
2015-05-15,0.007528,0.076522,0.08173,0.074187,0.419132,7665700.0,1.0370343,1.7765874,0.6451339,-1.6106695,-2.2334542
2015-05-14,0.010139,0.078909,0.086529,0.07129,0.558846,7127300.0,0.9924558,1.7968488,1.1445246,-1.3533456,-0.82959193
2015-05-13,-0.004374,0.076899,0.081054,0.065159,-0.242165,7320900.0,0.8921117,1.555288,1.607343,-1.346831,-0.052875906
2015-05-12,-0.009333,0.065596,0.068817,0.057722,-0.521591,13191900.0,0.7763453,1.5377711,1.4511279,-1.7695135,0.17515141
2015-05-11,-0.012183,0.072234,0.072764,0.05774,-0.689236,9718900.0,0.8279289,1.5206251,0.8904118,-2.340653,0.08676338
2015-05-08,0.007297,0.086112,0.092877,0.08077,0.409813,10143400.0,1.0765619,1.9470491,-0.33133572,-2.7608798,-0.8089762
2015-05-07,0.000664,0.069906,0.082022,0.067768,0.037262,9001000.0,0.6835067,1.6495656,0.12995951,-2.5909524,-0.18617931
2015-05-06,-0.003802,0.072938,0.075423,0.063708,-0.21423,11570900.0,0.5102147,1.8129312,-0.07530468,-2.5010738,-0.032793134
2015-05-05,-0.002474,0.067982,0.07471,0.063379,-0.139709,12082100.0,0.36610523,2.0891716,-0.56073797,-2.5296063,-0.45137957
2015-05-04,0.01303,0.07867,0.093198,0.076697,0.726498,9050400.0,0.3108093,2.3210402,-0.86705834,-2.474178,-1.0400624
2015-05-01,0.005037,0.077253,0.08843,0.075811,0.279419,9357500.0,-0.2538353,2.2935758,-0.6139243,-1.880518,-0.31303567
2015-04-30,-0.002011,0.075627,0.081923,0.065732,-0.111763,13012400.0,-0.38344026,2.28142,-0.6497353,-1.5535808,-0.20386882
2015-04-29,-0.005002,0.062013,0.081703,0.060223,-0.279427,17192000.0,-0.33639935,2.4499142,-0.75166327,-1.2729042,-0.6833984
2015-04-28,0.050438,0.073648,0.137202,0.073648,2.682445,34731200.0,-0.27692372,2.5499046,-0.8668021,-1.2584524,-1.5702417
2015-04-27,-0.008681,0.077935,0.081663,0.060227,-0.465702,10599600.0,-0.2230953,0.67355007,1.6311811,0.1212754,-1.6302247
2015-04-24,0.001565,0.079995,0.086343,0.073648,0.083828,7866500.0,-0.14899915,1.0956923,0.92841405,-0.29734513,-2.1415255
2015-04-23,-0.00312,0.070484,0.076626,0.061551,-0.167656,8342000.0,-0.26184157,1.2523187,0.8644825,-0.13956426,-2.0335536
2015-04-22,0.00052,0.071786,0.077931,0.067317,0.027951,7914600.0,-0.28380457,1.414787,0.6888186,-0.22332594,-2.103913
2015-04-21,0.000868,0.081103,0.081475,0.069921,0.046566,9255500.0,-0.33884656,1.3523625,0.87439495,-0.1340805,-1.8077781
2015-04-20,0.012834,0.085351,0.094789,0.083275,0.67992,9961400.0,-0.42349058,1.284063,0.8994157,-0.19447432,-1.6588831
2015-04-17,-0.016597,0.064552,0.064738,0.050074,-0.894142,11663400.0,-0.6203079,1.0481135,1.3742015,0.048460145,-1.0618091
2015-04-16,-0.010436,0.069239,0.072546,0.060606,-0.568165,6409400.0,-0.46086425,1.4479712,0.4005049,-0.31851038,-1.6919329
2015-04-15,0.011946,0.07941,0.095768,0.07941,0.642677,12108800.0,-0.016925454,1.862903,-0.1249927,-0.38766035,-2.2037077
2015-04-14,0.018156,0.077622,0.097494,0.071377,0.959343,14656200.0,0.43588904,1.7069649,0.41474223,0.26809528,-2.4102607
2015-04-13,-0.009083,0.07046,0.075898,0.059583,-0.484333,10480900.0,0.057806462,0.7764852,1.5485802,0.83711183,-1.6675799
2015-04-10,-0.003134,0.066544,0.077761,0.052897,-0.167656,15507500.0,0.14704329,1.2319992,1.0499651,0.6175029,-1.9400306
2015-04-09,0.0049,0.074963,0.084544,0.072897,0.2608,12006000.0,0.4144002,1.787628,0.6219812,0.36763558,-2.272037
2015-04-08,-0.004876,0.082621,0.085239,0.065983,-0.2608,13559700.0,0.21860293,1.3660759,0.93438524,0.57600987,-1.9205449
2015-04-07,0.004372,0.082661,0.086792,0.075901,0.232857,9278300.0,0.316247,1.7671019,0.71591055,0.375943,-2.1554313
2015-04-06,0.001401,0.070451,0.078161,0.066315,0.074512,12649200.0,-0.047637716,1.493805,1.232901,0.65155405,-1.4824479
2015-04-02,0.004221,0.076291,0.084789,0.073459,0.223534,7583500.0,-0.1579988,1.3067666,1.3185087,0.47711015,-1.2653348
2015-04-01,-0.010786,0.069539,0.070659,0.050113,-0.577469,12712200.0,-0.32482895,1.0743891,1.5901052,0.2904698,-0.7372899
2015-03-31,-0.014741,0.070887,0.073096,0.057821,-0.801006,10458700.0,-0.32859263,1.2218138,1.0994216,-0.2306165,-0.82385385
2015-03-30,0.010216,0.082944,0.088335,0.081085,0.54953,8189000.0,-0.137986,1.8728293,0.16882043,-0.45515075,-1.0831766
2015-03-27,0.002604,0.077935,0.085391,0.074207,0.139709,8523500.0,-0.44114435,1.4106864,0.8823636,-0.3524001,-0.5301755
2015-03-26,-0.011328,0.069594,0.072542,0.057984,-0.614723,10582900.0,-0.6234757,1.1631073,1.0961494,-0.5497576,-0.11620849
2015-03-25,-0.006311,0.08958,0.093425,0.065408,-0.34462,14038400.0,-0.5282162,1.3398387,0.41057134,-1.0324748,-0.36034238
2015-03-24,-0.001703,0.086079,0.091381,0.069626,-0.093139,13065300.0,-0.55362594,1.9948267,-0.49986655,-1.2295858,-0.6710559
2015-03-23,0.00256,0.070349,0.083912,0.063751,0.139702,10658500.0,-0.86099285,2.528889,-0.6809092,-0.8016422,-0.6108933
2015-03-20,0.006356,0.074201,0.085637,0.065348,0.344627,26114000.0,-0.74033445,2.5888813,-0.61633927,-0.32620257,-0.9023827
2015-03-19,0.009714,0.069551,0.086498,0.062101,0.521587,14455900.0,-0.384964,2.5428903,-0.31715274,0.3185227,-0.9383818
2015-03-18,0.020896,0.072127,0.102167,0.068705,1.099053,14928500.0,0.020523608,2.5281045,-0.098283544,0.89164597,-1.0742258
2015-03-17,-0.01138,0.069325,0.069325,0.057107,-0.605412,9999400.0,0.20937912,2.2583125,0.6053661,1.8505553,-1.1269612
2015-03-16,0.01637,0.080908,0.095044,0.080908,0.856888,11520800.0,0.58663464,2.840584,0.24272068,1.7276676,-1.2864804
2015-03-13,0.000534,0.070972,0.078618,0.063517,0.027947,13072900.0,0.39814255,2.3972197,1.1172211,2.5146132,-1.3209639
2015-03-12,0.01007,0.077702,0.085425,0.074613,0.521583,12954300.0,0.4841481,2.2667344,1.2779025,2.5334775,-1.3773103
2015-03-11,-0.009191,0.099744,0.099744,0.070667,-0.480442,15665300.0,0.4293031,2.0308914,1.5755141,2.3796341,-1.0625392
2015-03-10,-0.011876,0.076476,0.081013,0.067781,-0.628269,13125000.0,0.35113668,1.9486628,1.6258768,2.0588288,-1.4165192
2015-03-09,0.007389,0.082336,0.092428,0.072053,0.388046,8342000.0,0.22533813,2.0617766,1.6015445,1.7554154,-1.5575299
2015-03-06,-0.019662,0.079909,0.080283,0.058815,-1.053272,11064700.0,0.12966219,1.6666268,2.1358933,1.6600368,-1.4757755
2015-03-05,0.001728,0.086263,0.089816,0.08084,0.092392,11534100.0,-0.064625636,1.5331932,1.6563665,0.81805426,-2.008871
2015-03-04,-0.007885,0.083635,0.088087,0.070092,-0.425011,13335200.0,-0.20359945,1.3478141,1.9426302,0.62448436,-1.6768212
2015-03-03,-0.004097,0.083445,0.084553,0.070696,-0.221733,8251300.0,-0.2844503,1.4812459,1.7178668,0.32495844,-1.8528554
2015-03-02,0.000683,0.082336,0.088807,0.077529,0.036945,9667200.0,-0.23399335,1.7761347,1.3230155,0.2248083,-2.1266794
2015-02-27,-0.007123,0.081051,0.084172,0.073708,-0.388042,13059900.0,-0.06531091,1.7988552,1.2130548,0.39635274,-2.1510813
2015-02-26,0.008035,0.085482,0.094549,0.085482,0.434242,11489100.0,0.47242063,2.5078275,0.72312945,0.42515117,-2.7571678
2015-02-25,0.002228,0.084191,0.093649,0.076772,0.120117,8455200.0,0.85955006,2.5187862,0.7982777,0.8299251,-2.90317
2015-02-24,0.001029,0.085864,0.087349,0.077695,0.055436,7714100.0,0.5264032,1.9108609,1.5257095,1.1332994,-2.3903356
2015-02-23,-0.000857,0.083078,0.088272,0.078997,-0.0462,8589900.0,0.6995403,1.8827995,1.6700722,1.3082662,-1.791862
2015-02-20,0.000858,0.079551,0.085678,0.071754,0.0462,11604800.0,0.6966874,1.9920169,1.8350928,1.341532,-1.5896616
2015-02-19,-0.008504,0.083256,0.085833,0.064113,-0.461975,9836200.0,0.8010944,1.6764883,2.147774,1.2940732,-1.4388523
2015-02-18,0.00017,0.080127,0.086386,0.072026,0.009246,10534200.0,1.1336188,2.3644745,1.4868279,1.1287376,-1.5908191
2015-02-17,-0.00034,0.081048,0.085281,0.080311,-0.018486,10187300.0,1.3515284,2.1465285,1.5913008,1.079695,-1.4034209
2015-02-13,-0.001189,0.082704,0.083439,0.077373,-0.06467,7899300.0,1.504679,2.7306032,1.4251307,1.2452974,-1.2054994
2015-02-12,0.002383,0.087127,0.089154,0.079572,0.129356,7207700.0,1.6919703,2.9679952,1.4088608,1.2957708,-1.1078109
2015-02-11,-0.001869,0.080681,0.084359,0.07406,-0.101635,10483900.0,1.7984316,2.6991074,1.8465608,1.3650638,-0.7518532
2015-02-10,0.008915,0.094768,0.101077,0.0905,0.480442,9539400.0,1.9584982,2.734861,1.8903829,1.2802701,-0.8454568
2015-02-09,-0.007824,0.079759,0.086202,0.066503,-0.425007,10014100.0,1.7898824,2.5716913,2.785712,1.4887263,-0.047391295
2015-02-06,-0.006422,0.081055,0.093311,0.071544,-0.351097,9864800.0,1.8373485,2.4206307,2.8673112,1.1346169,-0.15730631
2015-02-05,0.002032,0.086368,0.087835,0.072438,0.110874,12660400.0,1.7937639,2.4103253,2.9278255,0.83219147,-0.2708215
2015-02-04,-0.032284,0.063712,0.064244,0.0348,-1.820137,19446700.0,1.8553455,2.2316594,3.2033298,0.62063813,-0.10423958
2015-02-03,0.0023,0.082514,0.085536,0.065625,0.129357,11477500.0,2.2467613,2.3240247,2.2845132,-0.30834156,-1.2986176
2015-02-02,0.009953,0.086286,0.094007,0.073358,0.554348,9266700.0,2.1759224,2.213241,2.566686,-0.327729,-0.8273013
2015-01-30,-0.029151,0.072574,0.079547,0.046427,-1.672302,12086900.0,2.1537995,1.8658041,3.0302045,-0.48740187,-0.62880677
2015-01-29,0.010415,0.083921,0.094665,0.070183,0.591316,9091300.0,2.0743573,1.9512216,2.146526,-1.7715776,-1.5785935
2015-01-28,-0.017743,0.086834,0.089256,0.060883,-1.025563,8868100.0,1.8677857,1.3745444,2.5578659,-2.1464849,-0.9304345
2015-01-27,-0.004139,0.08337,0.085782,0.070448,-0.240219,7965100.0,1.848156,1.5899459,1.5935563,-2.9178152,-1.7094789
2015-01-26,0.005281,0.083895,0.090823,0.075928,0.304898,6714600.0,1.9026823,2.059375,1.1162609,-2.969316,-1.665642
2015-01-23,-0.001598,0.080088,0.089426,0.079223,-0.092404,6229100.0,1.9524233,1.9933385,1.4264987,-2.9189553,-0.15024053
2015-01-22,0.006918,0.084077,0.091913,0.071366,0.39729,8494400.0,1.9046032,2.485225,1.0914025,-2.7608492,0.45864803
2015-01-21,-0.007187,0.079052,0.085275,0.073174,-0.41576,9081400.0,1.9809616,2.3611698,1.1600664,-2.8047125,1.3415434
2015-01-20,-0.006664,0.076841,0.086972,0.062589,-0.388054,13105900.0,1.8677554,2.7992175,0.643595,-2.825367,1.268266
2015-01-16,0.018584,0.081986,0.104724,0.076214,1.062519,11371200.0,1.6790755,3.3282144,0.05149676,-2.7917619,1.011272
2015-01-15,-0.012133,0.084928,0.088384,0.06834,-0.702187,9564600.0,1.6485007,2.3421936,0.8647111,-2.8605318,1.6560237
2015-01-14,0.007236,0.074156,0.094867,0.069979,0.415772,9853000.0,1.3860667,3.0208204,0.002738662,-2.9803152,1.1736071
2015-01-13,-0.001766,0.092934,0.105268,0.072434,-0.101632,10035200.0,1.1368203,2.8041837,0.0001565069,-2.9968271,1.4767268
2015-01-12,-0.004156,0.091678,0.098599,0.074378,-0.240223,11569000.0,0.5916575,3.3586047,-0.57048875,-2.9853072,1.6144409
2015-01-09,-0.004614,0.081647,0.087158,0.070626,-0.267936,12638700.0,-0.062029302,3.8567274,-1.2138592,-2.7309008,2.052999
2015-01-08,0.020127,0.089187,0.105701,0.086552,1.145668,19121000.0,-0.46817285,4.0433197,-1.7239727,-2.371934,1.7465599
2015-01-07,0.021386,0.084489,0.105662,0.083054,1.191864,18634500.0,-0.34967703,3.39357,-1.2505261,-1.41608,0.8064901
2015-01-06,0.039283,0.086812,0.12821,0.086252,2.106552,24287700.0,0.021692604,2.8105814,-0.48526645,-0.5097506,-0.49473608
2015-01-05,0.014863,0.10164,0.10675,0.089528,0.785343,15961200.0,0.78834635,2.084041,0.61808735,0.8100512,-1.7424209
2015-01-02,0.007043,0.090531,0.101395,0.08691,0.369564,7076300.0,0.75388634,1.4074227,1.3555776,1.2281256,-1.4730263
2014-12-31,-0.014918,0.075202,0.086091,0.065064,-0.794575,7483600.0,0.6844955,1.039001,1.80343,1.2422806,-1.0145624
2014-12-30,-0.001386,0.078586,0.083086,0.074274,-0.073917,5234800.0,0.9207899,1.7968799,1.0277458,0.8943982,-1.412157
2014-12-29,-0.000865,0.076154,0.084958,0.076154,-0.046196,6003800.0,0.8828941,1.8785276,1.4155366,0.9557937,-0.7004082
2014-12-26,0.005569,0.08648,0.092884,0.084785,0.295662,4672800.0,0.93033856,2.0814965,1.6924363,0.9857755,0.023288727
2014-12-24,0.00437,0.08385,0.094633,0.083093,0.23098,5051000.0,0.8363235,1.9767919,1.9523338,0.92254627,0.49388826
2014-12-23,-0.029681,0.07738,0.08307,0.046907,-1.616871,14165400.0,0.7358529,1.8273116,2.0730648,0.7577389,0.83033603
2014-12-22,-0.010406,0.07398,0.081973,0.063625,-0.572842,10010500.0,0.873299,2.5842369,0.91137904,0.21904773,0.6195211
2014-12-19,0.010173,0.087291,0.099219,0.082887,0.554364,17374200.0,1.1717684,2.8358037,0.6327556,0.31752548,0.41108125
2014-12-18,0.023425,0.100366,0.10769,0.090975,1.247299,13359400.0,1.8436213,2.6525035,0.8193311,0.951526,-0.35323876
2014-12-17,0.014613,0.0871,0.101391,0.077763,0.766857,12663800.0,1.824744,2.300831,1.8557583,1.6198344,-0.08136517
2014-12-16,-0.002634,0.082716,0.107803,0.079105,-0.13858,11214000.0,1.7134147,1.8772277,2.6821885,1.750529,0.5286805
2014-12-15,-0.01334,0.084211,0.088712,0.065085,-0.71143,12175200.0,1.5988393,1.6965238,2.9557617,1.3883044,0.52945536
2014-12-12,-0.0273,0.078506,0.08799,0.052606,-1.496761,12120400.0,1.4094114,1.6059296,2.9118989,0.7121326,0.48663288
2014-12-11,-0.003192,0.086881,0.101427,0.076154,-0.175545,11314100.0,1.4502285,1.5856818,2.1866143,-0.57604504,-0.08349201
2014-12-10,-0.0005,0.092517,0.099786,0.084884,-0.027508,13253700.0,1.2066243,1.5235845,1.8043329,-1.476761,-0.14914295
2014-12-09,-0.03022,0.046812,0.059853,0.035357,-1.714786,18778200.0,0.8616272,1.4742869,1.8155527,-1.8089542,-0.044893593
2014-12-08,0.006342,0.084842,0.103109,0.081473,0.357628,11394700.0,1.32234,1.7635797,-0.40932918,-3.1735306,-1.5084462
2014-12-05,0.009357,0.092487,0.105733,0.088728,0.522686,11171800.0,1.3602841,1.6512052,-0.29115695,-2.8742597,-1.8696511
2014-12-04,0.005612,0.089258,0.104919,0.089258,0.311782,7114600.0,1.332159,1.3754643,0.012457594,-2.6136909,-1.9449091
2014-12-03,-0.003291,0.090159,0.093209,0.082085,-0.183403,9730500.0,1.0961823,1.1593294,0.37917477,-2.4352918,-1.5209465
2014-12-02,0.004296,0.0925,0.098807,0.086193,0.238427,6446000.0,0.8197035,1.4515806,-0.10773078,-2.524278,-1.7374618
2014-12-01,0.001987,0.090518,0.107128,0.088351,0.110038,8274100.0,0.72057164,1.3820494,-0.16169223,-2.4009156,-1.8813756
2014-11-28,0.010879,0.089605,0.110959,0.089605,0.596039,6207400.0,0.7461075,1.3890021,-0.15398327,-2.1735947,-2.1804893
2014-11-26,0.006909,0.097133,0.09842,0.090701,0.375969,6280600.0,0.8463409,1.0905027,0.5212443,-1.6671704,-2.4050927
2014-11-25,0.001519,0.091806,0.098064,0.088309,0.082527,10328600.0,0.61681986,0.48199192,1.2190365,-1.7202206,-1.6699564
2014-11-24,-0.006872,0.09326,0.09326,0.078271,-0.375961,8488000.0,0.53353906,0.26046115,1.4007102,-1.8012049,-1.2739003
2014-11-21,0.004715,0.100802,0.102271,0.089599,0.256756,11260400.0,0.5996845,0.7163452,0.5878119,-2.042295,-1.9107952
2014-11-20,-0.004359,0.082655,0.086129,0.076255,-0.238419,6741100.0,0.33192745,0.5108057,0.8674359,-2.0098011,-1.4623623
2014-11-19,-0.004174,0.085783,0.087604,0.076679,-0.229244,7304400.0,0.313409,0.8728129,0.35448176,-2.1107886,-1.4729097
2014-11-18,0.007232,0.091068,0.102806,0.084832,0.394302,7663000.0,0.30651215,1.3852881,-0.19283004,-2.043774,-1.5332723
2014-11-17,0.006602,0.102333,0.105841,0.094948,0.357632,8571300.0,0.3147549,1.2365696,0.06974177,-1.9009938,-0.80937475
2014-11-14,-0.007894,0.08484,0.090701,0.076415,-0.430988,7130600.0,0.19959131,1.1515903,0.32252896,-1.7733204,0.1139881
2014-11-13,0.003878,0.094011,0.102285,0.088127,0.210903,6646900.0,0.2273623,1.6243633,-0.3984077,-1.8506601,-0.2526474
2014-11-12,-0.001011,0.088864,0.093824,0.085558,-0.055019,6668800.0,0.106524944,1.4684277,-0.17938367,-1.7235508,-0.06957619
2014-11-11,0.009522,0.107392,0.111657,0.097935,0.513519,13303600.0,-0.043557018,1.6242698,-0.31702828,-1.744248,0.0022473633
2014-11-10,-0.008932,0.070302,0.087761,0.060379,-0.486008,14598500.0,-0.20458657,1.1221929,0.3273301,-1.6198587,0.7901649
2014-11-07,0.00135,0.09291,0.097142,0.086837,0.073361,10613000.0,-0.14871755,1.6936373,-0.6274594,-1.9135861,0.2958765
2014-11-06,-0.005204,0.091067,0.096559,0.083561,-0.284264,13362100.0,-0.39659947,2.0370488,-0.93973154,-1.8033926,0.88621527
2014-11-05,0.003369,0.101906,0.106682,0.090701,0.183392,12678800.0,-0.69745016,2.487339,-1.4421022,-1.8139184,1.0565934
2014-11-04,0.007638,0.089592,0.105139,0.089592,0.412651,11338400.0,-0.74747556,2.5680573,-1.6273587,-1.4494259,1.3621242
2014-11-03,0.016914,0.090706,0.109151,0.083554,0.898658,10178900.0,-0.6572004,2.5242116,-1.5189246,-0.8805741,1.0623515
2014-10-31,0.010993,0.102696,0.106121,0.097178,0.577706,14066100.0,-0.5025536,2.3662949,-1.0835949,-0.031875264,0.37277174
2014-10-30,0.019751,0.081009,0.113609,0.080815,1.01786,12866600.0,-0.29904154,2.0054088,-0.7541673,0.605059,0.25099924
2014-10-29,0.006267,0.093837,0.105357,0.086222,0.320953,12492900.0,-0.19917166,1.5183005,-0.16670918,1.2210932,0.5307843
2014-10-28,-0.010629,0.093415,0.093415,0.04512,-0.550197,23961200.0,-0.1282253,1.6593294,-0.086208925,1.358196,1.1065223
2014-10-27,-0.020136,0.077267,0.083514,0.058527,-1.063721,14418900.0,-0.08243257,2.3201733,-0.4574529,1.0665268,1.3692229
2014-10-24,0.017305,0.093791,0.110352,0.090518,0.898663,8555400.0,0.17722966,3.064913,-0.8189412,1.0450971,1.5686018
2014-10-23,0.020176,0.105252,0.121164,0.103876,1.027031,11851100.0,0.6397402,3.0665214,-0.5255194,1.8769464,1.2197459
2014-10-22,0.006893,0.092496,0.104958,0.087946,0.348461,12901700.0,1.0088104,3.21121,-0.1531495,2.7660549,0.84838706
2014-10-21,0.019982,0.101009,0.115334,0.095965,0.990356,17289900.0,1.3667908,3.2694354,0.0006084293,3.1971252,0.4688595
2014-10-20,0.000555,0.094555,0.095565,0.088499,0.027512,12064100.0,1.3229291,2.970448,0.90141815,3.893554,1.0881228
2014-10-17,0.011042,0.09909,0.11501,0.092559,0.541027,19718100.0,1.558295,2.6989892,1.2333874,3.8518798,1.2382615
2014-10-16,-0.023753,0.076171,0.077765,0.045885,-1.192097,21856200.0,1.6308825,2.3829105,2.0946472,3.9363122,2.072256
2014-10-15,-0.028404,0.071933,0.081612,0.051024,-1.467193,18785800.0,1.4994476,1.9149328,2.3759406,3.0605016,1.3732271
2014-10-14,0.003384,0.09887,0.106252,0.082553,0.174224,10935800.0,1.2445056,1.6304184,2.4671705,2.092193,0.8101137
2014-10-13,-0.042959,0.088473,0.088473,0.040695,-2.310821,14807700.0,1.0916774,1.1567515,2.6363835,1.5791988,0.6904225
2014-10-10,-0.009289,0.092359,0.103594,0.080388,-0.504353,11285200.0,1.1221418,0.8875431,1.6092033,0.043331612,-0.71141
2014-10-09,-0.016118,0.087256,0.096497,0.071128,-0.889484,8595800.0,1.2976286,1.1121347,1.32074,-0.14077061,-0.78706056
2014-10-08,0.029422,0.094248,0.123535,0.092569,1.577225,12318200.0,1.3698137,1.7412072,0.72353286,-0.2900859,-1.101721
2014-10-07,-0.018798,0.085759,0.087223,0.069835,-1.027027,9520100.0,1.1722789,1.0034361,1.9756602,0.35976374,-0.6135789
2014-10-06,-0.005342,0.095433,0.09689,0.079594,-0.293438,7114600.0,1.5884037,1.4334458,0.99886423,-0.064622484,-1.2921224
2014-10-03,0.017842,0.096447,0.113681,0.096447,0.962848,8641800.0,1.9304099,1.6797522,0.8507636,0.08037667,-1.6985497
2014-10-02,0.002385,0.091818,0.097019,0.082716,0.12838,8109800.0,1.6073864,1.073868,2.0328097,0.5496517,-1.2626538
2014-10-01,-0.009615,0.087022,0.089414,0.076169,-0.52269,9088900.0,1.5726051,0.7636391,2.359631,0.41874877,-1.0730345
2014-09-30,-0.002188,0.090334,0.10098,0.087581,-0.119213,9247300.0,1.5575626,0.86102355,1.9365386,0.0034457943,-1.1520262
2014-09-29,0.000337,0.083907,0.096577,0.079868,0.018345,8719200.0,1.5299773,0.9626926,2.063227,0.026630482,-1.1386182
2014-09-26,-0.004192,0.09198,0.09326,0.070587,-0.229252,10786200.0,1.4544542,0.8657738,2.2541912,-0.16323113,-0.8883044
2014-09-25,-0.011928,0.089072,0.093047,0.077329,-0.660236,8691800.0,1.45452,0.6427131,2.1614983,-0.75472564,-0.82320595
2014-09-24,0.001327,0.09106,0.095221,0.089613,0.07336,11465600.0,1.6572123,0.7842055,1.3281611,-1.3721683,-1.3662736
2014-09-23,-0.004952,0.082777,0.093218,0.074497,-0.275097,8012100.0,1.738688,0.7984328,1.2307855,-1.2822356,-1.2239745
2014-09-22,0.001488,0.088354,0.099351,0.086371,0.082524,9320500.0,2.0194526,0.9816431,0.671237,-1.3749878,-1.7224076
2014-09-19,0.002985,0.098474,0.101005,0.093772,0.165062,14480700.0,2.3726249,0.8986218,0.58214027,-1.1636547,-1.7463448
2014-09-18,0.007181,0.095071,0.098895,0.089425,0.39431,8004100.0,2.6414218,0.94116473,0.63020027,-0.7928571,-1.8575575
2014-09-17,-0.001834,0.082155,0.090881,0.077611,-0.100876,10271200.0,2.7309413,0.6053617,1.0482408,-0.57726955,-1.4484353
2014-09-16,0.007897,0.090334,0.100412,0.08612,0.430996,9045400.0,2.682493,0.58188325,1.1423045,-0.6027502,-1.2985668
2014-09-15,-0.000504,0.092349,0.098575,0.089602,-0.027516,7738900.0,2.480256,0.19339332,1.5103025,-0.87999666,-0.7664847
2014-09-12,-0.009151,0.086526,0.091062,0.075276,-0.504337,7021800.0,2.0913255,0.12659079,1.6492006,-1.341374,-0.40562737
2014-09-11,-0.003647,0.088529,0.092687,0.081297,-0.201752,7785200.0,2.0550287,-0.044051506,1.2735063,-2.0932827,-0.2722417
2014-09-10,0.003303,0.100468,0.104095,0.094663,0.182076,9212800.0,2.266561,0.045206092,0.28517222,-2.6127381,-0.61729074
2014-09-09,-0.008026,0.094694,0.098112,0.088036,-0.446076,7443700.0,2.180818,-0.028544374,0.33665323,-2.6822925,-0.34583914
2014-09-08,-0.002125,0.09919,0.101166,0.092188,-0.118347,8420400.0,2.318256,0.25763312,-0.5084559,-2.8318553,-0.7697075
2014-09-05,0.018309,0.104689,0.118584,0.099752,1.001393,10744200.0,2.2838297,0.4684476,-0.8255091,-2.7605689,-1.0860691
2014-09-04,-0.006614,0.100107,0.107917,0.088301,-0.36414,10809000.0,2.20452,-0.097267665,0.06896749,-2.5197277,-0.67873544
2014-09-03,0.01154,0.104535,0.118131,0.103433,0.628143,9096200.0,2.1935043,0.3049844,-0.74236923,-2.7759752,-1.2054195
2014-09-02,-0.005324,0.091528,0.09829,0.090432,-0.291313,6054500.0,1.7192421,-0.2635862,0.4872331,-2.6234918,0.014013827
2014-08-29,0.001833,0.106162,0.106162,0.09536,0.100144,5715800.0,1.7274215,0.15998992,-0.4506185,-2.8055587,-0.39046282
2014-08-28,-0.004645,0.091365,0.097561,0.090454,-0.254906,5241000.0,1.5011742,0.34619042,-0.59368914,-2.7064195,-0.013585761
2014-08-27,0.001329,0.102122,0.105406,0.09683,0.072834,6546700.0,1.448906,0.7194288,-1.243061,-2.7735014,-0.111346036
2014-08-26,0.007869,0.097369,0.110794,0.097185,0.427864,9220600.0,1.4224875,0.8108834,-1.35127,-2.599863,-0.13094896
2014-08-25,0.009464,0.101628,0.111468,0.100143,0.5098,5170800.0,1.315201,0.6578807,-1.1390717,-2.2745504,-0.17782956
2014-08-22,0.005438,0.102019,0.107992,0.099406,0.291317,5187600.0,1.0171998,0.41271535,-0.7095338,-2.032403,0.113608286
2014-08-21,-0.010592,0.096995,0.101796,0.085729,-0.57354,7646800.0,0.8125326,0.32973775,-0.5132335,-1.9884875,0.27156213
2014-08-20,0.009676,0.094183,0.110779,0.091386,0.518906,7038400.0,0.7392087,0.913151,-1.4200593,-2.0514169,-0.45666292
2014-08-19,0.008388,0.106558,0.108438,0.096968,0.446083,7435000.0,0.48489785,0.6756663,-0.97195286,-1.6241338,-0.4265232
2014-08-18,-0.003242,0.102033,0.103345,0.093599,-0.172966,9443900.0,0.32453537,0.5976067,-0.7098091,-1.2268966,-0.07608944
2014-08-15,-0.002892,0.098846,0.102584,0.084456,-0.154762,9046800.0,0.34357512,1.0225061,-0.9478592,-0.9724932,-0.19063357
2014-08-14,0.016076,0.10227,0.116321,0.101321,0.846634,7932300.0,0.48852322,1.2950889,-0.9842444,-0.6592647,-0.50818425
2014-08-13,0.014378,0.105406,0.115037,0.100976,0.74649,10660700.0,0.8867979,1.1633549,-0.535161,0.22960018,-0.8566875
2014-08-12,0.00653,0.09634,0.107778,0.095758,0.33683,7090200.0,1.3379447,1.0844618,-0.20988764,1.01156,-1.3854117
2014-08-11,0.001945,0.101386,0.108185,0.096724,0.100136,5499100.0,1.6965191,1.1491201,-0.10007803,1.3445967,-1.5620646
2014-08-08,0.016355,0.103013,0.117623,0.097288,0.82843,7081500.0,1.7859008,1.0380784,0.20187216,1.6321521,-1.4106839
2014-08-07,-0.005185,0.103972,0.110846,0.091402,-0.264007,7215500.0,1.6108868,0.57630557,1.100759,1.862091,-1.1269131
2014-08-06,-0.001785,0.095532,0.100629,0.092395,-0.091038,12275800.0,1.461988,0.52257496,1.2055396,1.6854862,-1.2284164
2014-08-05,-0.018051,0.091927,0.09674,0.074601,-0.937668,9031200.0,1.273711,0.3874289,1.5018862,1.4709759,-0.9853126
2014-08-04,0.004578,0.101373,0.107562,0.089963,0.236698,8649500.0,1.3030009,0.5807604,1.238345,0.9704791,-1.2094197
2014-08-01,0.001057,0.095375,0.105829,0.089567,0.054611,10141000.0,1.0935042,0.29452956,1.5967001,0.8663398,-0.9357628
2014-07-31,-0.023072,0.09242,0.098283,0.07275,-1.219875,10119000.0,0.84606373,-0.16105199,1.7437524,0.3760542,-0.7265127
2014-07-30,-0.008535,0.098472,0.103535,0.080283,-0.455173,8051800.0,1.0430217,0.030906733,0.89763206,-0.41095904,-1.5730448
2014-07-29,0.010523,0.114579,0.123296,0.101694,0.55532,10328000.0,1.4082532,0.6867349,0.06261337,-0.5625929,-2.2038636
2014-07-28,-0.003095,0.09885,0.102062,0.092805,-0.163856,8600700.0,1.1006148,-0.20229298,1.1560045,-0.17101683,-1.6122038
2014-07-25,-0.001031,0.096963,0.101303,0.093,-0.054627,5525100.0,1.2672946,0.21084401,0.77436465,-0.19173306,-1.9036419
2014-07-24,0.001721,0.102442,0.105845,0.094881,0.091034,10064200.0,1.2989538,0.3217844,0.7450939,-0.19287387,-1.9044542
2014-07-23,-0.005477,0.096028,0.099788,0.091328,-0.291317,6292400.0,1.4400332,0.35311475,0.71630216,-0.08067902,-1.6101449
2014-07-22,0.007414,0.100935,0.115139,0.100935,0.391457,6509200.0,1.6152878,0.6768067,0.3559553,-0.13730237,-1.8136632
2014-07-21,-0.005828,0.089999,0.095648,0.08661,-0.309521,7095700.0,1.6819196,0.4205427,0.7838051,0.2642682,-1.737122
2014-07-18,0.012847,0.104575,0.114301,0.098854,0.673668,7432700.0,1.8036072,0.79428864,0.428308,0.19315597,-1.9911435
2014-07-17,-0.009458,0.093183,0.100173,0.087516,-0.500694,6649700.0,1.5086889,0.010160558,1.5124298,0.38717827,-1.1957378
2014-07-16,0.004144,0.099041,0.104163,0.095058,0.218475,6805000.0,1.4956174,0.28880864,1.035879,0.040150236,-1.4328966
2014-07-15,-0.004641,0.097528,0.102626,0.085445,-0.245792,10158100.0,1.2791648,-0.0646318,1.487755,-0.04782002,-0.9308581
2014-07-14,-0.004449,0.101856,0.102796,0.09133,-0.236687,8379100.0,1.2499852,-0.09864762,1.1794883,-0.45296937,-1.0482106
2014-07-11,-0.00239,0.099785,0.101473,0.090597,-0.12746,6106800.0,1.3750737,0.23510659,0.73117,-0.5861449,-1.3763206
2014-07-10,0.000512,0.093407,0.1026,0.083088,0.027309,5583700.0,1.3273389,0.3758243,0.7283631,-0.59402347,-1.2053928
2014-07-09,0.006533,0.10376,0.108858,0.098661,0.34594,6938700.0,1.370908,0.17639294,0.74694234,-0.7731351,-1.0130179
2014-07-08,-0.005981,0.1011,0.101288,0.087022,-0.318623,8270100.0,0.98078674,-0.26568595,1.1245288,-0.96123785,-0.40986687
2014-07-07,-0.011486,0.093091,0.106822,0.085298,-0.619041,9276200.0,1.0692465,0.039671488,0.463623,-1.2661805,-0.6762286
2014-07-03,0.00254,0.104797,0.105913,0.098844,0.13655,5220100.0,1.3457491,0.43658596,-0.4440382,-1.4000788,-1.1655481
2014-07-02,0.009229,0.097721,0.109549,0.095844,0.491589,6941000.0,1.788373,0.41729328,-0.17564395,-0.9282161,-1.4566245
2014-07-01,0.011409,0.095624,0.113473,0.091447,0.600842,8838000.0,2.0459669,0.18080133,0.24839617,-0.53281736,-1.4472797
2014-06-30,0.005562,0.1,0.111265,0.098472,0.291309,8735000.0,1.6980972,-0.12896681,0.78972256,-0.40513816,-0.93884736
2014-06-27,-0.017085,0.095469,0.098285,0.078766,-0.910358,17285700.0,1.2519562,-0.45479885,1.2113048,-0.7078538,-0.33843923
2014-06-26,-0.005606,0.096606,0.096793,0.087088,-0.300412,7238300.0,1.7027247,-0.16155684,0.2387843,-1.2797368,-1.1485188
2014-06-25,0.016229,0.094869,0.125024,0.094679,0.855732,13274300.0,1.7740784,0.012152098,-0.24257316,-1.4102228,-1.5033953
2014-06-24,-0.009914,0.096219,0.103354,0.086831,-0.528003,8158500.0,1.2746477,-0.6672378,0.9343192,-1.2185115,-0.5110593
2014-06-23,-0.007128,0.096422,0.099591,0.088964,-0.382348,7054400.0,1.6734667,-0.26582524,-0.06937106,-1.6112204,-1.2520561
2014-06-20,0.010635,0.104313,0.116937,0.10111,0.564419,14418000.0,1.7999156,0.048599668,-0.7796444,-1.7707932,-1.8401511
2014-06-19,-0.001883,0.09866,0.09866,0.092642,-0.100139,6011900.0,1.64277,-0.29560536,-0.010543019,-1.3108917,-1.635644
2014-06-18,0.006028,0.097905,0.105851,0.093743,0.318626,7837000.0,1.701633,-0.1155654,-0.31111753,-1.3866736,-1.8811531
2014-06-17,-0.000172,0.096202,0.10131,0.092987,-0.009109,6266700.0,1.259933,-0.5979471,0.47251374,-1.4053249,-0.9049148
2014-06-16,-0.002919,0.095077,0.101113,0.088853,-0.154763,7731500.0,1.1599982,-0.6078533,0.45385027,-1.5636077,-0.40725315
2014-06-13,-0.001029,0.094893,0.105067,0.092443,-0.054615,8398500.0,1.1455107,-0.3793542,-0.07553546,-1.8133458,-0.49206683
2014-06-12,-0.001199,0.096779,0.105059,0.092638,-0.063728,9563900.0,0.9276659,-0.14932165,-0.43789452,-1.9477433,-0.5070703
2014-06-11,0.005471,0.10732,0.116971,0.10505,0.289131,11696800.0,1.101479,0.1282197,-1.327044,-2.1644504,-1.1251296
2014-06-10,0.009493,0.106371,0.11745,0.106371,0.496952,7663700.0,1.1416047,0.06486594,-1.1740764,-1.8463036,-1.2840784
2014-06-09,0.001556,0.099866,0.109049,0.095083,0.081322,8082900.0,0.9276776,-0.4428878,-0.2801355,-1.6060536,-0.68716204
2014-06-06,-0.004303,0.108658,0.109801,0.098752,-0.225891,6703200.0,0.89955086,-0.7121358,-0.0660748,-1.7805655,-0.25634044
2014-06-05,0.002935,0.107517,0.117069,0.102741,0.153602,7640600.0,1.0781977,0.004541628,-1.2074032,-1.7882762,-1.21487
2014-06-04,0.000345,0.104268,0.108664,0.099108,0.018071,6875400.0,0.7994835,-0.2729426,-0.76640886,-1.679811,-0.8593576
2014-06-03,-0.000345,0.09892,0.107326,0.096054,-0.018071,7078100.0,0.38634044,-0.11213965,-0.94594693,-1.5477151,-0.43929744
2014-06-02,0.00121,0.107709,0.113256,0.099484,0.063248,6425500.0,0.2447954,0.012799822,-1.1873965,-1.5324006,-0.618679
2014-05-30,0.002773,0.1033,0.117686,0.1033,0.144566,11519000.0,0.35367915,0.12129148,-1.2902666,-1.3260217,-0.8735087
2014-05-29,0.02305,0.116761,0.134029,0.110677,1.17461,8513700.0,0.4928552,0.23057821,-1.2711468,-0.99877524,-1.1909461
2014-05-28,-0.005116,0.107143,0.107534,0.101091,-0.262032,6843100.0,0.41924983,-0.9398856,0.223839,-0.22882375,-0.6506479
2014-05-27,-0.002112,0.10909,0.111233,0.100129,-0.108425,7301800.0,0.8846998,-0.10545144,-0.46265507,0.057395715,-1.2640805
2014-05-23,0.005665,0.109495,0.116353,0.105969,0.289131,6053000.0,1.2413974,0.17522171,-0.5828139,0.30757996,-1.5153148
2014-05-22,-0.001591,0.103232,0.110665,0.09619,-0.081318,7178000.0,1.397407,0.19195187,-0.50150466,0.5426566,-1.2293279
2014-05-21,0.010357,0.110705,0.119006,0.109322,0.524063,6650900.0,1.5875092,0.5544822,-0.58939135,0.6518552,-1.3132427
2014-05-20,-0.006211,0.104199,0.104985,0.094576,-0.316242,7855900.0,1.5524743,0.2037516,-0.163976,0.93861926,-0.74385613
2014-05-19,0.008591,0.104178,0.116658,0.1018,0.433705,7519300.0,1.7627108,0.7179427,-0.41263467,0.92117536,-0.9035774
2014-05-16,-0.000358,0.102198,0.11408,0.102198,-0.018071,9062000.0,1.7501576,0.51282674,-0.18159254,1.1304176,-0.53709936
2014-05-15,-0.008515,0.095758,0.111072,0.089868,-0.433704,8918500.0,1.8544855,0.64175797,-0.18453234,1.1835363,-0.5145918
2014-05-14,0.011121,0.10437,0.122833,0.10437,0.560196,7797500.0,2.160777,0.9976244,-0.32397336,1.1797036,-0.67164004
2014-05-13,0.00832,0.107153,0.122166,0.104951,0.415626,8959000.0,2.4213219,0.81914425,-0.1568651,1.4774208,-0.8853748
2014-05-12,0.001449,0.114972,0.114972,0.099536,0.072285,8085000.0,2.3093228,0.50053436,0.46283144,1.7637529,-0.1710614
2014-05-09,0.006931,0.112203,0.124516,0.098073,0.34335,12385000.0,2.0355377,0.29373792,1.0135839,1.6795933,0.81608343
2014-05-08,-0.018087,0.101005,0.105167,0.084554,-0.912579,14371400.0,1.8410664,-0.16499972,1.3504559,1.2210872,1.1204586
2014-05-07,-0.022238,0.088924,0.101714,0.07594,-1.147503,22909900.0,1.3286853,-0.41272357,1.2316984,0.19386947,1.168221
2014-05-06,-0.025925,0.109018,0.109396,0.076739,-1.373382,13838300.0,1.3198364,-0.64335537,0.70634514,-1.0727924,0.7292518
2014-05-05,0.007042,0.104662,0.115307,0.097818,0.370456,8135000.0,1.5285678,-0.33098948,-0.30565447,-1.8888865,0.17201707
2014-05-02,-0.023482,0.103968,0.105082,0.075566,-1.264969,12079300.0,1.2742867,-0.16346517,-0.5614556,-1.7322209,0.8450478
2014-05-01,0.018101,0.106564,0.130944,0.106564,0.957753,11724500.0,1.2981305,0.53682345,-1.7971184,-2.2285738,0.16880685
2014-04-30,-0.002725,0.102795,0.11203,0.093559,-0.144562,13560400.0,1.3762512,0.08688482,-1.2676713,-1.6062629,-0.21029137
2014-04-29,0.035992,0.122764,0.14932,0.118273,1.843231,13661500.0,1.3369141,0.20053431,-1.5063424,-1.5327882,-0.76125205
2014-04-28,-0.009784,0.113907,0.118547,0.092058,-0.505993,16992200.0,0.8712824,-0.9615855,0.31309336,-1.0045131,0.34084564
2014-04-25,-0.005041,0.106753,0.109639,0.096942,-0.262016,6227700.0,1.0757,-0.75373787,-0.2589453,-1.4164648,-0.015704125
2014-04-24,0.000522,0.103288,0.112912,0.094241,0.027096,6714800.0,0.92972183,-0.21850476,-1.0324764,-1.4637004,-0.51804614
2014-04-23,-0.004674,0.10637,0.106753,0.093534,-0.24395,7736100.0,0.9416799,-0.11338418,-1.202177,-1.307862,-0.604787
2014-04-22,0.009083,0.10366,0.127438,0.102306,0.469841,13972200.0,1.0030463,0.1715601,-1.4892696,-1.164657,-1.0026098
2014-04-21,0.013812,0.108516,0.12302,0.105381,0.704757,6231000.0,1.1748555,0.11663374,-1.2014011,-0.52170795,-1.2448277
2014-04-17,0.003733,0.110491,0.12131,0.10695,0.189755,11263700.0,1.4805562,-0.12783611,-0.8113304,0.02130845,-1.564424
2014-04-16,0.003747,0.114651,0.124524,0.104383,0.189739,9635500.0,1.712965,-0.17046559,-0.7895301,0.18057938,-1.6518843
2014-04-15,0.008638,0.111134,0.121491,0.097591,0.433705,11142900.0,1.2681298,-0.5701239,-0.3945645,0.22465296,-0.9129472
2014-04-14,-0.006259,0.11269,0.122784,0.087555,-0.316247,10787000.0,1.0139942,-0.8146695,-0.23931405,0.24130267,-0.4190246
2014-04-11,0.001254,0.100808,0.121615,0.095854,0.063256,13631700.0,0.66826993,-0.6308006,-0.63932234,-0.21889858,-0.26154166
2014-04-10,-0.021892,0.122065,0.126911,0.081167,-1.129437,18018500.0,0.99475753,-0.6110978,-0.6836339,-0.18789098,0.099870205
2014-04-09,0.037427,0.110372,0.149181,0.10997,1.861306,16108500.0,1.0794837,0.012390085,-1.3340994,-0.4464289,-0.49354506
2014-04-08,-0.002718,0.108558,0.115175,0.096927,-0.135529,10766800.0,0.69832426,-1.0209597,0.21361904,0.30386183,0.0055087656
2014-04-07,-0.016572,0.091962,0.107542,0.085257,-0.840302,11426300.0,0.44667897,-1.2424824,0.41675037,-0.19233625,0.21401736
2014-04-04,-0.001601,0.114629,0.116795,0.10439,-0.081314,10412800.0,0.7773512,-1.2189682,-0.21836257,-0.83537495,-0.021155305
2014-04-03,-0.004428,0.108125,0.112438,0.096756,-0.225883,8313100.0,0.69625014,-1.0109804,-0.49094296,-0.9319841,-0.16310701
2014-04-02,0.001596,0.108912,0.110483,0.10047,0.081314,7060000.0,0.68787926,-0.562943,-0.94259804,-0.9446025,-0.5341387
2014-04-01,-0.007046,0.104413,0.108118,0.091936,-0.361412,7715400.0,0.8627365,-0.5195443,-0.8880883,-0.6972735,-0.6047039
2014-03-31,0.014112,0.108928,0.123756,0.107939,0.713802,14181200.0,1.1587167,-0.0193263,-1.3426248,-0.56541425,-0.97231907
2014-03-28,0.004486,0.116285,0.131179,0.107547,0.225876,8960300.0,1.2446415,-0.27838525,-0.941714,0.094676115,-0.28838348
2014-03-27,-0.005177,0.104184,0.108531,0.093121,-0.262024,11123800.0,1.6264141,-0.13410482,-0.7193616,0.6482938,-0.45085165
2014-03-26,0.015039,0.111566,0.132221,0.110763,0.749943,13073600.0,2.2119522,0.051384144,-0.76969594,0.7686663,-0.7874584
2014-03-25,0.026218,0.108811,0.141737,0.10737,1.273994,14115700.0,2.5323033,-0.17694178,-0.25420058,1.4246722,-0.7212056
2014-03-24,-0.016099,0.110803,0.110803,0.084683,-0.795112,15500800.0,2.165879,-0.566647,0.8223923,1.8322251,0.023391187
2014-03-21,-0.01673,0.12487,0.126861,0.087441,-0.840306,23424900.0,2.2242477,-0.86121887,0.6352605,0.9298754,-0.4721281
2014-03-20,-0.007144,0.10359,0.104578,0.093311,-0.361419,8460800.0,2.0996826,-0.7894306,0.40879446,0.46716192,-0.8059921
2014-03-19,-0.006565,0.113037,0.117553,0.092614,-0.334309,10048400.0,2.3976033,-0.5313658,-0.06931467,0.14216377,-1.2164421
2014-03-18,0.001778,0.107736,0.112654,0.104786,0.090359,7070900.0,2.6936936,-0.4880813,-0.336925,-0.088100456,-1.3525021
2014-03-17,0.010054,0.11172,0.121655,0.11172,0.505981,9509400.0,2.9458003,-0.591002,-0.2516059,-0.0025319853,-1.3137412
2014-03-14,-0.001613,0.101595,0.111315,0.096437,-0.081318,12117800.0,2.5015588,-1.0410577,0.3021015,0.039910827,-0.41870916
2014-03-13,-0.010289,0.111465,0.114999,0.093991,-0.524059,10120000.0,2.272732,-1.4094535,0.32835555,-0.6450596,-0.22399461
2014-03-12,0.002117,0.109489,0.120114,0.106931,0.10759,9498300.0,2.6267455,-1.5160679,-0.5315006,-1.5813814,-0.61570466
2014-03-11,-0.010991,0.116948,0.117727,0.100797,-0.564831,10885500.0,2.605514,-1.6989222,-0.508435,-1.8042779,-0.2477321
2014-03-10,-0.00261,0.114809,0.118303,0.10627,-0.134476,7383200.0,3.0422056,-1.3431056,-1.4522115,-2.282566,-0.8413267
2014-03-07,0.003667,0.117145,0.12143,0.112275,0.188275,10634200.0,3.100099,-1.1288238,-1.8629985,-2.314985,-0.98076016
2014-03-06,0.006681,0.118921,0.130491,0.117941,0.340687,10605700.0,3.1993496,-1.2232902,-1.7922691,-2.2486386,-1.0577605
2014-03-05,-0.003155,0.122038,0.12282,0.104836,-0.161381,9042300.0,3.1900315,-1.5030022,-1.4658054,-2.1106188,-0.8998061
2014-03-04,0.011343,0.127649,0.134568,0.125078,0.573787,10995900.0,3.2994566,-1.3417801,-1.9990008,-2.336567,-1.070044
2014-03-03,-0.010002,0.097973,0.111086,0.095037,-0.511024,9821800.0,2.9355903,-1.7401263,-1.5406941,-2.114101,-0.5999306
2014-02-28,0.005824,0.11677,0.13114,0.115195,0.29586,11886600.0,3.305066,-1.3891227,-2.4764783,-2.5634809,-1.104137
2014-02-27,0.006931,0.114797,0.12332,0.11004,0.349648,9055500.0,3.3465466,-1.4241062,-2.305874,-2.3311963,-1.2944593
2014-02-26,0.006439,0.117187,0.126164,0.115591,0.322761,10139500.0,3.3538032,-1.5682864,-2.1356454,-2.224866,-1.1793897
2014-02-25,-0.004806,0.114399,0.119561,0.107847,-0.242077,8514500.0,3.0331397,-1.8489099,-2.0236647,-2.070929,-0.47431248
2014-02-24,0.002677,0.112206,0.133109,0.112206,0.134488,11012500.0,3.0283237,-1.6153423,-2.4595716,-2.2499497,-0.6639107
2014-02-21,0.003942,0.116191,0.125984,0.115591,0.197235,11666600.0,3.1039596,-1.4945424,-2.46102,-2.0685828,-0.5615705
2014-02-20,0.01399,0.11681,0.134846,0.115189,0.690338,10133100.0,3.0877154,-1.5221773,-2.4528234,-1.927938,-0.52328646
2014-02-19,-0.011671,0.110385,0.114791,0.101372,-0.582737,10297100.0,2.744175,-2.1408062,-1.7993301,-1.7057707,0.0781209
2014-02-18,0.004509,0.110965,0.12525,0.109155,0.224121,11201100.0,2.9762452,-1.5688437,-2.6386335,-2.005276,-0.40859088
2014-02-14,0.006171,0.112355,0.125918,0.112355,0.304832,8681900.0,2.8829336,-1.7123314,-2.5736804,-1.8510993,-0.29376125
2014-02-13,0.001818,0.104238,0.11965,0.103426,0.089653,10243400.0,2.6319337,-1.92651,-2.4114747,-1.7197082,0.020535529
2014-02-12,-0.012567,0.110185,0.115191,0.09837,-0.627586,13629700.0,2.6131573,-1.8535699,-2.7411716,-1.6532695,0.2014907
2014-02-11,0.014757,0.111734,0.132867,0.106247,0.726208,15352600.0,2.5406199,-1.4167767,-3.480686,-1.7677867,-0.11777202
2014-02-10,0.002191,0.105616,0.120075,0.104191,0.107582,10609600.0,2.6250691,-1.5558747,-3.2493722,-1.2078953,-0.39761528
2014-02-07,0.018598,0.112902,0.137172,0.108546,0.896549,14497100.0,2.6662166,-1.5506334,-3.3945577,-0.80683476,-0.32024264
2014-02-06,0.004483,0.109766,0.122476,0.100181,0.215172,12244800.0,2.6173894,-1.8280772,-3.0238473,-0.2698446,-0.5938425
2014-02-05,0.000374,0.131442,0.150619,0.107679,0.017937,24506300.0,2.862349,-2.0245693,-2.959583,-0.16147177,-0.72739285
2014-02-04,0.027457,0.126314,0.146232,0.122245,1.282047,18181900.0,2.8071232,-1.9204558,-3.026293,0.18536022,-0.651267
2014-02-03,-0.016802,0.114128,0.119182,0.093282,-0.79792,15488600.0,2.4638348,-2.6976988,-2.277283,0.6270857,0.024782911
2014-01-31,-0.010091,0.111223,0.114766,0.099758,-0.484127,16290000.0,2.752092,-2.3155146,-3.0324175,-0.070308276,-0.63046783
2014-01-30,0.024899,0.120732,0.146582,0.119023,1.1655,17371800.0,2.802455,-1.8341042,-3.5805194,-0.34666583,-0.71683186
2014-01-29,-0.012483,0.111805,0.114759,0.092396,-0.59172,19346100.0,2.6828754,-2.2655513,-2.9864728,0.45841536,-0.24639805
2014-01-28,0.006473,0.111994,0.127282,0.108809,0.304828,15078200.0,2.925495,-1.8394957,-3.6660738,0.011394924,-0.56252277
2014-01-27,0.010581,0.134274,0.160882,0.127193,0.493092,31002000.0,3.2937028,-1.8774803,-3.6548612,0.131715,-0.9058052
2014-01-24,0.007365,0.108258,0.127713,0.105232,0.340702,18261300.0,3.2940063,-1.9733146,-3.2757354,0.9175383,-0.8160954
2014-01-23,0.004869,0.112351,0.12408,0.104748,0.224136,15877800.0,3.0466604,-2.3915865,-2.92873,1.1764624,-0.11613421
2014-01-22,-0.009261,0.1141,0.11862,0.103556,-0.430343,10653600.0,3.017055,-2.720579,-2.7513888,0.99242914,0.351429
2014-01-21,-0.00231,0.117109,0.121832,0.110238,-0.107598,11035500.0,2.8948326,-2.7113512,-3.1119456,0.4598303,0.34699345
2014-01-17,-0.010476,0.117941,0.118579,0.09882,-0.493087,16758800.0,2.5582285,-2.7894537,-3.1166441,0.18765399,0.59557945
2014-01-16,-0.000381,0.107534,0.125161,0.106472,-0.017937,7769600.0,2.4268618,-2.2378056,-4.3447123,-0.22085598,0.8808302
2014-01-15,-0.009057,0.108026,0.113287,0.101712,-0.430344,10488000.0,2.2708056,-2.1044955,-4.7121706,-0.22789276,0.9937872
2014-01-14,-0.002259,0.103003,0.114971,0.095444,-0.107589,21190700.0,2.2038221,-1.93106,-5.136706,-0.21101317,0.6919542
2014-01-13,0.064956,0.1382,0.194998,0.13574,2.904808,37291300.0,2.1767888,-1.955907,-5.2527127,-0.12183537,-0.2393995
2014-01-10,0.00727,0.122374,0.12778,0.114941,0.322765,8143100.0,2.2876496,-2.9523413,-3.6555793,1.7565293,-1.8564281
2014-01-09,-0.005423,0.116064,0.120096,0.105311,-0.242065,9323900.0,1.8379939,-3.4923675,-3.137923,1.8017485,-1.264899
2014-01-08,-0.006386,0.115169,0.116059,0.104039,-0.2869,13695700.0,2.031132,-3.1054308,-3.7610075,1.493201,-1.4368486
2014-01-07,0.007439,0.120325,0.130192,0.119876,0.331722,9995800.0,2.1967933,-2.7722006,-4.23893,1.2168008,-1.6272798
2014-01-06,0.000201,0.117186,0.124587,0.110457,0.008972,9931400.0,2.0802846,-3.1843345,-3.7971094,1.4501483,-1.2055938
2014-01-03,0.004849,0.115391,0.126886,0.114715,0.215161,6435000.0,1.9770238,-3.2483857,-3.8325846,1.4162893,-1.037719
2014-01-02,-0.011189,0.111603,0.115169,0.098677,-0.50206,7886500.0,1.6890435,-3.5363293,-3.5483792,1.3834436,-0.7661914
