Date,latent_1,latent_2,latent_3,latent_4,latent_5
2014-01-02,-2.2473715823421574,3.527702737585864,0.04971883216324772,-0.21018738788237723,-0.5549462172635038
2014-01-03,-2.392868560349583,3.2883750914178314,-0.22469965504763978,0.15868430347687953,-1.0188766893190297
2014-01-06,-2.8471626295030075,2.1991311274817633,-0.3946836817682831,0.9137372731263252,-1.849413664862907
2014-01-07,-2.827705319991756,2.25425639277862,-0.34802142322824753,0.5358992792338115,-0.9006080550294832
2014-01-08,-2.7810405915256573,2.446921394022354,-0.40553846237596847,0.01256593116506911,-0.015690504699478785
2014-01-09,-2.977329741758818,2.1084789776470014,-0.7112995884144916,0.2515056085906757,-0.5621287178882368
2014-01-10,-2.8329861292307412,2.4141797047070632,-0.534830298422839,-0.19817231707390784,0.27483635615821433
2014-01-13,-3.392863362901898,1.113043294225411,-1.2234327289270868,0.8289939251653006,-1.3856160959646069
2014-01-14,-3.5304660072334713,0.6712403578509126,-1.255141712559286,0.640765518273066,-0.7127724588831852
2014-01-15,-3.720434662749656,0.27395124526367687,-1.510123491991433,0.41331582885999724,0.012732674011228632
2014-01-16,-3.72884766597579,0.21955833391245552,-1.5475203883224342,0.07793591806956475,0.5870290890619466
2014-01-17,-3.9437368481431694,-0.0797381646039824,-2.001686471998085,0.028269285457852355,0.1152006504180205
2014-01-21,-4.210201963096358,-0.8428231982474308,-1.9520888945120276,0.5713983509591919,-0.7526557132097823
2014-01-22,-4.360344413981624,-1.042256031895801,-1.8380472769065785,0.49441214475320255,-0.38345401374865096
2014-01-23,-4.335192467099269,-1.174591090649611,-1.5288284466671695,0.357752756593243,-0.13309590145717
2014-01-24,-4.685558919297068,-1.8177645881809532,-1.50213278290916,0.80370583923236,-0.5342886811810523
2014-01-27,-4.82682456134868,-2.0995873024900233,-1.1278605881474566,0.8135587737363447,-0.3736290980118897
2014-01-28,-5.075764421562547,-2.528574354479168,-0.8089983160246538,0.9682395366491652,-0.2867702049793277
2014-01-29,-5.4320374180031,-3.4137533619302056,-0.0070961263136088935,1.6208932186046956,-0.5010072972324136
2014-01-30,-5.431169696175267,-3.2337402985578168,0.15572532078544057,1.408874823084949,-0.043400143585898235
2014-01-31,-5.606623983492006,-3.3262983643074135,0.39751540294440524,1.3712195715871243,0.0023674143756113016
2014-02-03,-5.942662978994377,-3.9110012277939665,0.7935283305702461,1.903464664764874,-0.5602100711409261
2014-02-04,-6.109371122705936,-3.913565406106668,0.988157753151964,1.8130440424762053,-0.6179398815122364
2014-02-05,-6.009930638088448,-3.616189401909193,1.2745310325533683,1.6137877743251305,-0.21527429579409146
2014-02-06,-5.645563984629717,-2.552094149454311,1.5499241281556069,0.9186193571891953,0.523070368339265
2014-02-07,-5.4246693827725965,-1.885895872230581,1.6416679609598566,0.4194302389717528,0.7787534312026245
2014-02-10,-5.410736794616144,-1.6739484228925445,1.5727155057507085,0.4646433972938801,0.22389805038814425
2014-02-11,-5.201139195067699,-1.1445165869685865,1.4501349131982562,0.18725466072855096,0.1374099766932053
2014-02-12,-4.891871415940604,-0.40624051915317066,1.3903294940440802,-0.3561779869234441,0.4664459343155598
2014-02-13,-4.591436327468775,0.15330344668856227,1.4096508827216245,-0.4662336381654894,0.1966756717170826
2014-02-14,-4.2992445395657475,0.665217343644971,1.4221335783984408,-0.6017126062760246,-0.084850243833023
2014-02-18,-4.325402478421323,0.6514372573689645,1.0177743046188945,-0.47023789047680437,-1.0679978984229335
2014-02-19,-4.6402557701979585,-0.14725839884355255,0.6993264790075227,0.37853960382367374,-2.5614964197857457
2014-02-20,-4.315072008153537,0.5484944113849844,0.9653946052756386,-0.34365161863127586,-1.2713582351202921
2014-02-21,-4.070147086320879,0.9638817957905214,1.061163852096753,-0.5924625982441395,-0.9670700702113945
2014-02-24,-3.8182291609326287,1.3449067935820236,1.0276440073553512,-0.8412582441689165,-0.9284416418335901
2014-02-25,-2.747555246982307,3.0041621208438682,2.6723070502171526,-0.7891129603336386,0.6043484721625024
2014-02-26,-2.2610859827284187,3.5922150148892427,3.1032052514597934,-0.4131899585432022,0.5202375667581512
2014-02-27,-2.0869408532740117,3.5318046356020316,3.068717985823085,-0.10480334275836468,0.19690838861329005
2014-02-28,-1.9311497214520779,3.7099628628306336,2.7008460989060317,0.05098525647800374,-0.013630213443584348
2014-03-03,-2.0484364799655626,3.689121395208249,1.5203209266995914,-0.30639040603606155,-0.7565108289002078
2014-03-04,-1.6925966363246414,4.31883572634644,1.8068519270187906,-0.5701158265670178,0.185988583473975
2014-03-05,-1.6085570962618403,4.226510370495274,1.6926745596388133,-0.16732861277861072,-0.2128596001256025
2014-03-06,-1.7887504181679712,3.748605985218781,1.3312693738669958,0.43937211460455594,-1.1580112927435933
2014-03-07,-1.755120742994348,3.6536468624467338,1.1617770717627418,0.5107460881544482,-1.0764251993423244
2014-03-10,-2.0031906705734768,3.0618464096664577,0.64525809856164,1.0784413917254718,-1.9497749449066701
2014-03-11,-2.36649958203061,2.2050704712263007,0.4948806768352245,1.386719089889582,-1.972027339139952
2014-03-12,-2.7644479929792274,1.3479929892605875,0.4018399167517525,1.4697256550823647,-1.582807833041637
2014-03-13,-3.413138038294917,-0.2151130563907104,0.6627803034486327,1.9520216340342935,-1.0925999333818341
2014-03-14,-3.633454120388091,-0.49825262831741546,0.2848093865051673,1.5745538495454494,-0.015217342295363128
2014-03-17,-3.7835994476836063,-0.6506230347941964,-0.10786478348324849,1.1654602340847213,0.5461701831920253
2014-03-18,-3.7716402423256103,-0.47635857605036275,-0.3452720690536794,0.5918271573933716,1.017677440029557
2014-03-19,-3.8641132793496302,-0.47653554392045755,-0.500236925326027,0.19332321270383668,1.1132702306420683
2014-03-20,-3.724293681110002,-0.195395319276582,-0.5273741363542683,-0.30656848276293974,1.4256574095245804
2014-03-21,-3.3903528149758,0.5001486615601076,-0.3025952084828284,-0.505887471144536,1.647294937214914
2014-03-24,-3.7435834631552485,-0.4181653050643774,-0.7847176249505207,0.2964647887176939,-0.25123041952652675
2014-03-25,-3.8945806207627296,-0.6109600972245636,-0.9513301161509005,0.2380068310058278,-0.3086752572445547
2014-03-26,-4.197512339008176,-1.2387291073874585,-0.9730472814194755,0.41888232805098025,-0.32845097585205
2014-03-27,-4.3955733627143445,-1.5125141113217615,-0.9416934995307246,0.27346906114101266,0.04796546612974646
2014-03-28,-4.443905355569934,-1.3790365494674115,-1.2646894144776877,-0.10251934530170918,0.323386606377475
2014-03-31,-4.292241654244496,-0.9418744121468264,-1.219466894344288,-0.8221648101376142,1.1064722539134284
2014-04-01,-4.010888741319796,-0.23032548511569695,-0.9712531689632512,-1.3587333976872114,1.75128555582474
2014-04-02,-3.694426599187945,0.3069253877279022,-0.6670603316039865,-1.421533323297966,1.7354593624696952
2014-04-03,-3.8533965410774953,-0.10095406379433947,-0.9435292765379463,-1.0128157983398798,0.5040419117127373
2014-04-04,-4.136405341014952,-0.7748933155175223,-1.2928140224475688,-0.4643840702978023,-0.656311307082307
2014-04-07,-4.586630245733231,-2.050960102505286,-0.6187890054325818,0.1704571881652045,-0.5942539372929916
2014-04-08,-4.763561888494804,-2.396813916417568,-0.2086472217460963,0.14067454091870804,0.052285155875315084
2014-04-09,-4.586120690727008,-1.8317373955270022,-0.24338732720684592,-0.3883955771444948,0.6186810230855458
2014-04-10,-4.860595151876009,-2.168336141509818,-0.559816416273521,-0.24207584872588073,-0.11934428350879328
2014-04-11,-5.173165288256032,-2.799239140838179,-0.4477031918932745,0.13958437009400415,-0.7164980517638239
2014-04-14,-5.1334847064392095,-2.732607253621755,-0.20832386247928714,-0.08274364822840402,-0.04831874189654968
2014-04-15,-5.232359240171737,-2.8474469661762054,0.05669779023716224,-0.09659852495187728,-0.034856165042032046
2014-04-16,-4.9521939805980395,-1.9897034378145604,0.15669928832415406,-0.9003139936840363,0.6744784612483936
2014-04-17,-4.55315110241938,-1.073029870468811,0.5232480295477772,-1.2810681581421408,1.0759276760934415
2014-04-21,-4.128579964011895,-0.3297390603765741,0.8634975809283003,-1.3861114820194929,1.0591730615815502
2014-04-22,-3.3650104848420055,0.9424646162297275,1.672233853404848,-1.3929905207776854,1.3040905437173518
2014-04-23,-3.473618107894559,0.8467458472445559,1.121400105323646,-1.1852342800207518,-0.029411554503063316
2014-04-24,-3.049182007488378,1.5544664456073072,1.1813153659121913,-1.5392840180827938,0.006063716004325463
2014-04-25,-3.074645998772262,1.601181863317757,0.6915593841572979,-1.4548597139485677,-0.7974008101938166
2014-04-28,-2.605260192044137,2.442504228194396,0.8553685046101996,-1.743540080894892,-0.3867672515881038
2014-04-29,-2.7902271852177223,2.074938403033195,0.553333007921523,-1.219998527248757,-1.0700701202652345
2014-04-30,-2.936360988993372,1.747392707507346,0.1790445274470085,-1.0106741708355622,-1.641254292483338
2014-05-01,-3.0616628301729567,1.5253887553152246,-0.00953515714214261,-0.838282525979913,-1.6562434112809772
2014-05-02,-3.0233698060834757,1.6468579599654722,-0.10866930011792403,-0.867103873405335,-1.3557627340413292
2014-05-05,-3.333016437888278,0.957713937073912,-0.49407719911716036,-0.3466026159747546,-2.1303229646923785
2014-05-06,-3.7510401444112746,-0.1007242642019073,-0.19598239314830254,0.011537019300201106,-1.7139705187275018
2014-05-07,-4.090225667732767,-0.7983318589230382,-0.09080611411343897,0.08137786158027145,-0.9840807820320557
2014-05-08,-4.391930501350672,-1.1966223343206432,-0.27369847039829936,-0.005460199504954414,-0.2780164253172942
2014-05-09,-4.371437393465829,-0.9341093898024015,-0.5142145897163065,-0.605952717698374,0.4820900931462964
2014-05-12,-4.138062239868612,-0.28688936415852034,-0.3600845341641262,-1.3250685551159695,1.440143279777327
2014-05-13,-4.422502038569021,-0.9946898013074517,-0.6762516599283102,-0.590212652776243,-0.06250125805750509
2014-05-14,-4.726412604035812,-1.7596280277411191,-0.5738753132199385,0.007873318320921651,-0.6773355744386009
2014-05-15,-4.891733537060038,-2.1395450621880494,-0.24263285781026095,0.08565388499614131,-0.31541581552452236
2014-05-16,-4.511344542503381,-1.1499810097860452,0.0657204784340033,-0.6193708782136182,0.8001593340832948
2014-05-19,-4.715983220375915,-1.302653660721377,-0.332589927415684,-0.5207849306449662,-0.09717244382389656
2014-05-20,-4.03153062454449,0.14150218196693579,0.33602018407680817,-1.3975767467836135,1.3326599459073496
2014-05-21,-3.88879594653425,0.29488922797691647,0.24193116553352967,-1.3543193796826642,0.868538263135501
2014-05-22,-3.471571918329248,1.1104224073637983,0.3991781668044825,-1.610970694386055,0.6567342045074495
2014-05-23,-3.140919555069933,1.6128650117449195,0.6510250846388798,-1.5538038034459922,0.2999795856888467
2014-05-27,-2.739602069848496,2.388770510200981,0.6742218838985464,-1.7998778397654818,-0.008918996102790549
2014-05-28,-2.6790279766599063,2.478062986084427,0.5662366195073752,-1.6071622407971118,-0.5232946378574058
2014-05-29,-2.5473906739486907,2.675129507755349,0.3886997546646633,-1.679521929375409,-0.6490721583637132
2014-05-30,-2.3716343617637423,2.9503495509574127,0.42313772252170573,-1.7426692537144386,-0.4762057025585119
2014-06-02,-2.0797588161656,3.4001406542184047,0.7197046716874229,-1.695409545912089,-0.1178975043690399
2014-06-03,-2.1635157317452784,3.189207828337661,0.5287022741227208,-1.2571310153997783,-0.6573253253724237
2014-06-04,-2.300242925250801,2.9713209212547698,0.1781923847456154,-0.9729880248807018,-1.0478065320750216
2014-06-05,-2.5003255305385212,2.684551547296621,-0.3142853416525036,-0.5792604707211133,-1.6280691355659989
2014-06-06,-2.410499120771174,2.9300381097574606,-0.28476411251324646,-0.7907524985765982,-0.9446922820076251
2014-06-09,-2.5514754809180107,2.8201496192332938,-0.5383805229670617,-0.8063931430486652,-0.7254848130754334
2014-06-10,-2.520980831805986,2.8407093757560005,-0.46384521101182996,-1.0298283290981556,-0.10701033336430721
2014-06-11,-3.0474666689724965,1.5406263713571364,-1.0415127847204013,0.2303657185347456,-1.8918049343963692
2014-06-12,-3.6203654305753914,-0.09018463915105424,-0.5428334598699308,0.7592700245047801,-1.4481227103235332
2014-06-13,-4.041347144052987,-0.9641693779301688,-0.3648795117593015,0.8671131118396284,-0.4881595581709942
2014-06-16,-3.99752075240713,-0.7497594670571661,-0.4352216180442957,0.3686121263457518,0.6558900761833991
2014-06-17,-3.5138481570832787,0.4695219769270965,-0.18285391438711435,-0.5079348506185055,1.6694984327595643
2014-06-18,-3.0858332475477597,1.160268631190012,0.2662009529887712,-0.6678814469337815,1.5402856831967506
2014-06-19,-2.9577121758507423,1.4338330945664566,0.24727292930636952,-0.5456594120133543,0.6020892686013787
2014-06-20,-3.0573415164195756,1.493208393944273,-0.2501260466464636,-0.5597872756901483,-0.30425972755804487
2014-06-23,-2.9246439430534044,1.827552482054102,-0.5310605822749505,-1.020261528948964,-0.1303761314607076
2014-06-24,-3.0741697808632513,1.5422676832906002,-0.8842285820291235,-0.6930194317342988,-0.9513628396338925
2014-06-25,-2.976291426797375,1.7302604118641312,-0.8067584422948554,-1.0235355253754532,-0.5175508898991851
2014-06-26,-2.8240214991300303,2.0230109230098967,-0.6349162270096967,-1.2440007769099006,-0.049154452120255515
2014-06-27,-2.5891859617759065,2.472398404367166,-0.38467344669066694,-1.4089169152101482,0.30382961882419063
2014-06-30,-2.682490290547067,2.2544044656924647,-0.5322903563519747,-1.0290709072446922,-0.4474283996146605
2014-07-01,-2.3089421686653764,2.9419743241251934,0.013772748779807779,-1.2513647322990433,0.31976152368876776
2014-07-02,-2.2122518350333857,3.04772701907096,0.007438969445473179,-1.0242093963837153,0.05713044082049715
2014-07-03,-2.1669791479791103,3.155751581068474,-0.13518100215096884,-0.873897755500717,-0.17399630528571408
2014-07-07,-2.5374661555877873,2.271779596251864,-0.5606444164026577,-0.2613850707380497,-1.2442762836996493
2014-07-08,-2.9932368113602124,1.1970380880602853,-0.9056854343206446,0.28707529442424023,-1.7786988352190936
2014-07-09,-3.2868956257166957,0.6155505594827108,-0.9600586122627909,0.15841703988990682,-0.9627834570186571
2014-07-10,-3.9311718496676917,-1.0861731784730135,-0.5913268191527528,0.8088591569672522,-1.0808451468552305
2014-07-11,-3.945024770219782,-0.9726445920802405,-0.5879241712994112,0.5296658940870456,-0.4512827760977984
2014-07-14,-4.089200815628266,-0.9871842486222187,-0.6993552021924451,0.38261626548498656,-0.34533504931636827
2014-07-15,-3.9548823674516407,-0.6356417345503075,-0.6363732996117051,-0.08005106526398961,0.15770431049792183
2014-07-16,-4.05324339605557,-0.4738215870698144,-0.8914265363642905,-0.4059714142286955,0.09572646809614925
2014-07-17,-4.179726361245762,-0.6684316344292536,-1.0424477349232522,-0.1453419069827264,-0.5961052486327244
2014-07-18,-3.8741218193283,0.028892492686365668,-0.5441364426691458,-0.9670066965175916,0.8586307971484076
2014-07-21,-4.057268436235094,-0.34939813407061454,-0.9629364012230809,-0.4293605530013377,-0.43259762551056674
2014-07-22,-3.6092492757360612,0.6279821363588516,-0.3718332401032766,-1.250566759645815,1.0023081882751272
2014-07-23,-3.386528263151234,1.012876906898422,-0.2390023384165403,-1.2623412700343581,0.9083043921731752
2014-07-24,-3.1405613828890226,1.4989774651286132,-0.19604053697034973,-1.2709848286640237,0.5222891580385379
2014-07-25,-3.113024240202385,1.597821989639133,-0.2997889691722578,-1.123052784169439,-0.1621827056806635
2014-07-28,-3.0212963492144995,1.7348334149841005,-0.5889196100967282,-1.2529259435424198,-0.6994721534159363
2014-07-29,-3.0658667169346963,1.7531917593307704,-0.9630884200098672,-0.8260758333526526,-1.7093984393884591
2014-07-30,-2.6908889385374266,2.474395654638447,-0.2304522734974606,-1.7259001904538531,0.19221453222864882
2014-07-31,-3.13023915449488,1.4557305998189372,-0.837582795666452,-0.6893001716219369,-1.575206245668109
2014-08-01,-3.650553317012911,0.08960645298797498,-0.737914865335111,-0.04994643338239847,-1.8421805479043463
2014-08-04,-3.8005435115384127,-0.27803848111296303,-0.78348487319866,-0.23131030122123925,-0.7420728970906132
2014-08-05,-3.9154304118135985,-0.3736330720593358,-0.884332407323677,-0.3731772345716626,-0.05324417294101075
2014-08-06,-3.7985375878629934,0.1089731429289407,-1.0822942061315721,-1.1231285158804911,0.6953408451645836
2014-08-07,-3.816824965081653,0.22469454207128628,-1.1789689873598748,-1.3659562009482586,0.781574721661085
2014-08-08,-2.995427803316995,1.6956464936708768,-0.023030435773273735,-1.513295270319494,1.5901004816756377
2014-08-11,-2.572208930348891,2.3224584193907685,0.49954507041964546,-1.197760665524242,1.058119351091791
2014-08-12,-2.2622514552584327,2.791442700721695,0.639573748309688,-1.0325594358830654,0.2381120208707846
2014-08-13,-2.0792895076719895,3.0782693817137745,0.5956175887968614,-0.8947857937463748,-0.0842572696676718
2014-08-14,-1.7849277045277407,3.7639760669798346,0.45443296975993913,-1.310855679168992,0.2015671892332299
2014-08-15,-1.888308128286481,3.5692830546758803,0.2543832078923505,-0.8831291555829971,-0.3318613016417745
2014-08-18,-1.9909339292585755,3.515365693496672,0.14916684646055076,-0.49901487179405857,-0.578380925643825
2014-08-19,-0.814999808094842,4.983384733827229,2.6106037111581686,-0.0960979994345553,1.65900664159142
2014-08-20,-0.09848864945476735,5.370947656451116,4.084990399260317,0.8265825190816132,1.9070057939837666
2014-08-21,0.3306907425834645,5.622295207045458,4.620349395872571,1.507125276465557,1.6247039156268206
2014-08-22,0.42417534650472954,5.714487706473048,4.259541925909776,1.8680718993409688,1.044865782321019
2014-08-25,0.5394513107569834,6.18587553764057,2.7241896453862395,1.5223280167901996,0.16012438935851936
2014-08-26,0.6465584289360059,6.470492697537981,2.1155487743536616,1.2082542669957728,0.38506749626424996
2014-08-27,0.7094511642238426,6.464687099204079,2.0270598089503786,1.621432050736406,0.40954387401863057
2014-08-28,0.8778419450092945,6.55321262703136,2.218906354380978,2.018187068171218,0.6806243921573386
2014-08-29,1.1025387893402734,6.700675215815538,2.5001179464227805,2.4267053000227228,0.9749947986557724
2014-09-02,0.16560592141020847,4.322855014779551,1.795540011917241,3.7484043336449853,-1.2089366313609895
2014-09-03,-0.5370670971837005,2.8332848696617954,1.767133294524321,4.384081985995503,-1.0045437358437452
2014-09-04,-0.6867041629060413,2.509626002677849,1.4958611401670039,4.083427884667319,0.09883568658279801
2014-09-05,-0.6021608370501089,2.8643467878936706,1.201655714931448,3.4681128263614043,1.0832009427445872
2014-09-08,-0.998358689356578,2.7615000321796765,0.027314123662717352,3.0318224298338543,0.8979116907912527
2014-09-09,-1.6100535339325106,1.294191439192019,-0.27945582443513656,3.586935594891833,0.12907386986393304
2014-09-10,-1.8156735803727249,0.6428736713414434,-0.4935378365308016,3.3973950473805123,0.6510354345715688
2014-09-11,-2.092545757918668,0.09544305134069445,-0.6213339527875416,3.215335348333077,1.1971210409601867
2014-09-12,-2.363455013882912,-0.27433321961933826,-1.012381030448254,2.889910497508593,1.1373334502684986
2014-09-15,-2.307144357795853,0.07722477031759237,-1.1714213624512337,1.717944957373722,2.1729473957364247
2014-09-16,-2.0272126690633576,0.5851058279412885,-0.7494703198259074,1.3579445999349185,2.6735753113728404
2014-09-17,-1.6793635752779084,1.0699564794848946,-0.2910648779215495,1.3170672068649616,2.5221341539916966
2014-09-18,-1.26811549028448,1.7008936640639476,0.18138733013641428,1.3081371756250229,2.2075862969076394
2014-09-19,-0.9072211366495712,2.3479633343561725,0.2089042883011782,1.233205949166085,1.7018273539469546
2014-09-22,-0.9492662239218455,2.2494424003164406,-0.0910326169931932,1.3007175366110484,0.7297276228106327
2014-09-23,-1.1483648025367383,1.9172957821496437,-0.6392473300203266,1.5561352649637539,-0.26828309968711717
2014-09-24,-0.7271776466645884,2.7018475913938107,0.020526244195826802,0.724673211931914,1.2909356630446664
2014-09-25,-1.0354708970550073,2.057679703746348,-0.4240863531410317,1.455616689650898,-0.10458686610013695
2014-09-26,-0.7853911366803629,2.4736982426187586,-0.028342777557597103,0.9595228782460165,0.6629433205615234
2014-09-29,-0.7589265209704913,2.4374780642240617,-0.10543204487568597,1.0598605223255229,0.45979186966086644
2014-09-30,-1.1202968484503881,1.6431674923133883,-0.630744207418196,1.7433950566125285,-1.0027038438729088
2014-10-01,-1.451447085773653,0.9942943034597117,-0.7109729014921957,1.870069628274545,-0.8773846920374307
2014-10-02,-1.3477227497373554,1.2534539476886648,-0.6634100710874263,1.1919817294628,0.3307014653142999
2014-10-03,-0.9752882292099555,2.0257188348886017,-0.1809664357963075,0.6751000905305591,1.264815736919239
2014-10-06,-0.9370486933726646,2.21072586464377,-0.14269655102838086,0.7945255095011329,0.8239769337678232
2014-10-07,-1.1801510255142214,1.638603609643399,-0.40501982222189875,1.1423667568411666,0.07365341580403093
2014-10-08,-0.8619194343579651,2.2149723124520833,-0.258074750960101,0.5114373368376544,0.9146135028150799
2014-10-09,-1.15879351765116,1.7122712377443325,-0.7678630734428241,1.1057763609178506,-0.14738026448471006
2014-10-10,-1.37966818172222,1.2605136968269548,-0.8473471942765545,1.3241204461950828,-0.4522826257954101
2014-10-13,-2.029948412355966,-0.5161671777754594,-0.62661457593672,1.9728467439422919,-0.433971155829001
2014-10-14,-2.3836034453738217,-1.476955831530639,-0.12362471395508506,2.0749105383921744,0.16210095168254163
2014-10-15,-2.966022161447839,-2.736832072571037,0.37420374714337656,2.507356310422273,0.32445613053790695
2014-10-16,-2.8539568924712118,-2.2703579362773194,0.3788941746991226,1.8898618516484105,0.840325265744372
2014-10-17,-2.5630268605737205,-1.3309160530451634,0.2513446800360663,0.8451070345974276,1.4175540142266752
2014-10-20,-2.0720681441943642,-0.46236395410210446,0.8258807734367128,0.29644556474419115,1.7774718171174622
2014-10-21,-1.2996737123661668,0.6675688358862625,1.9944835693737855,0.30766376506285575,1.905517009209163
2014-10-22,-1.1480240791608225,1.0421682073437357,1.7188164542808961,0.2808828244379511,0.7816278796985706
2014-10-23,-0.7217440654446031,1.7575906978851292,1.61878410561051,-0.07913790168424076,0.4694562171510067
2014-10-24,-0.5523210883439623,1.9656128108515856,1.204401912252342,-0.2547508083641045,-0.09157950390805676
2014-10-27,-0.2928690325929615,2.4165028795545624,1.0029456206728142,-0.5023823330195374,-0.29048863035377204
2014-10-28,0.055341498717158696,2.8241468838537074,1.4571168016989786,-0.39275698607531073,-0.016981869337414076
2014-10-29,0.11592012661014958,2.9667427531066837,1.1782592217709882,-0.2506602416483491,-0.4634347521318489
2014-10-30,0.38070784387666723,3.2290348624662943,1.4629700334212894,-0.1912438822983695,-0.10436012047271356
2014-10-31,0.4733300016282771,3.385377052419375,1.3446951350886283,0.09700163701423518,-0.23619845956521884
2014-11-03,0.029106339498234546,2.3193705006028966,0.6883314047123822,1.0216293281578979,-1.7456719191917902
2014-11-04,-0.22262357218763834,1.8808356883591912,0.42253771517768524,1.0840696267196428,-1.359545792613944
2014-11-05,-0.4455694442482636,1.7023131839790022,0.06662185583745597,1.1178400350945605,-0.9309349617103211
2014-11-06,-0.2726474451146784,2.269991181382373,0.1031450644494856,0.35574567627660986,0.5307137992391007
2014-11-07,-0.2355683890153056,2.3968060966477087,-0.006653198096428916,0.23052401726178498,0.8646544109949421
2014-11-10,-0.07092161451646659,2.553009734906513,0.12664314392468043,0.3750348009836022,0.8012389277983535
2014-11-11,-0.07929219955306778,2.6296561202572586,-0.09067503515362374,0.5316627843314102,0.561493743706917
2014-11-12,0.008357556960200768,2.7684453297808864,-0.4045009739067239,0.24873122148690813,0.5447056070732144
2014-11-13,0.18388451753603624,3.0625705568598467,-0.2871843359955189,0.19020270792081537,0.7649208191297935
2014-11-14,-0.09694988790251943,2.425072729894695,-0.842334688813276,0.9283411874275762,-0.6523891597554141
2014-11-17,-0.303068935531246,2.0511037239615537,-1.009654081658261,1.1787017250178802,-0.8920455763922388
2014-11-18,-0.9726140240293032,0.2840593845607226,-0.7450150978816815,1.9390060369610456,-0.9826072020353169
2014-11-19,-1.0560815263113452,0.06871149862235926,-0.7605010137777751,1.530601167136775,0.13268162563428249
2014-11-20,-1.0202942179749765,0.2918732833456721,-0.8785756061131401,0.927786207316094,1.050413950738889
2014-11-21,-0.6924458664582598,0.9904995470202145,-0.566745840184225,0.47452098617483635,1.4752243829365395
2014-11-24,-0.5233420055225547,1.2521763187867623,-0.46071012338963946,0.38290913584246766,1.182708620184908
2014-11-25,-0.9636164540941659,0.17137892198419766,-1.0648374282504958,0.9207095524030385,-0.42910516017680406
2014-11-26,-0.9173130159319285,0.23402638766829043,-1.2169414979810136,0.4918280333105376,0.03164483694137822
2014-11-28,-0.44437613918802416,1.205608409994713,-0.4684528984031207,-0.1233897971604283,1.4681259627769425
2014-12-01,-0.45679525505080365,1.182450277645535,-0.5286257809914379,0.07979168738233974,0.66458277457859
2014-12-02,-0.5800205503712249,0.9009777179154196,-0.6582359146197989,0.3206196915720237,-0.047091861299836765
2014-12-03,-0.5468131193764129,0.9414199960158498,-0.9125655020245806,0.1309292999508867,-0.04685903950065237
2014-12-04,-0.46124746155284324,1.1158758499546682,-1.0320324801728988,-0.09706472755921539,0.10515270155353006
2014-12-05,-0.14993745898935568,1.7226477613967879,-0.5745194332569891,-0.5607218769042969,0.7929783184059802
2014-12-08,0.22044684298129272,2.273887832821735,-0.044054876793213286,-0.4269728892669245,0.8415684100231239
2014-12-09,-0.018342051054945796,1.6638936956031518,-0.4397472414683938,-0.01493132353236325,-0.29950507527454584
2014-12-10,-0.33468062468835713,1.1269801286554035,-0.9774306423720402,0.4506963473745909,-1.0095086015202313
2014-12-11,-0.06673652517712413,1.714023719304911,-0.6560691160828007,-0.20677332819269284,0.4554241675604047
2014-12-12,-0.30314233247055367,1.2913637968920395,-0.9488219180455101,0.16902119274688818,-0.09583940431052108
2014-12-15,-0.2342290020411809,1.4047927861047091,-0.9035556321766178,-0.10142718900440696,0.269647459892107
2014-12-16,-1.0462730766208095,-0.7547523495661989,-0.9302274392656268,1.2157676688242727,-0.9025179746988831
2014-12-17,-0.9354795055459887,-0.5420011741612397,-0.9066788232821281,0.5242818719287545,0.41652132652020374
2014-12-18,-0.5874224736831662,0.15086213817748736,-0.47883453205035703,-0.03804824456566097,1.5313989134166741
2014-12-19,0.06357613583196102,1.1135819250765244,0.3271181153897667,-0.14440311837557296,1.4530966087681385
2014-12-22,0.7213457942613786,2.0438528489622176,1.2880365687729398,0.026191863548391207,1.3174053319734174
2014-12-23,1.0757996668907286,2.594202101439445,1.1447454457829374,0.0137941012653645,0.5858953810975756
2014-12-24,1.123854529445691,2.711292253851079,0.6695561013886242,0.06471047268071432,-0.028900167280250365
2014-12-26,1.1643292865159762,2.738374117056057,0.2749016912309559,0.058042247364798585,-0.2842005889292742
2014-12-29,1.3753980443799627,3.135860626182999,0.32177195817400456,-0.3391565568997169,0.39053237689695536
2014-12-30,1.2968876407001089,2.8967139836343305,0.11630664471261529,0.19011508458709914,-0.30901490048954333
2014-12-31,1.5286270972270108,3.2771936417186778,0.42602375656413544,0.1859054465065086,0.31207371032720904
2015-01-02,0.9905013661739817,1.7563008432024454,-0.12133354351995035,1.3663465153624332,-1.5339424414615825
2015-01-05,0.43090917015751923,0.24124041787696182,0.16219409068175827,1.975357272068976,-1.3648357675231295
2015-01-06,0.08558192184854652,-0.4287581271780188,0.18713701559552698,1.8896626828899945,-0.47885785958646554
2015-01-07,0.5121649682753766,0.7375644592685243,0.37437602470152126,0.918274717538105,1.2936969875477193
2015-01-08,1.084059180860851,1.7805039216278526,1.083122777626458,0.6749917548995559,1.9190520472076205
2015-01-09,0.9260597669043912,1.4938110728901748,0.8704259650917476,1.049625512675269,0.9565450547225445
2015-01-12,0.7843110192925157,1.1851877894297556,0.45103396170327986,1.138381164084951,0.41194223782254896
2015-01-13,0.40021803198847994,0.4948813783085343,-0.6130038623380988,1.2655668901025807,-0.5385320261888294
2015-01-14,0.03191664740539115,-0.42276021748208614,-0.5183567287914325,1.5260488212057786,-0.35849076400073554
2015-01-15,-0.5188382135231618,-1.4629320320141,-0.6880884008907319,1.7102100464361973,-0.21556375642320288
2015-01-16,-0.20834241390518893,-0.7289407161412037,-0.5123315376819952,0.5797576071556904,1.4232472058586099
2015-01-20,-0.35487695845033934,-0.8041223923715632,-0.7737656461870894,0.5218724387012802,1.064050725210476
2015-01-21,-0.19702071913931493,-0.5328938090199071,-0.7044727545440412,0.2141553803163169,0.9926675453604663
2015-01-22,0.4025633404378955,0.435147278003525,0.1696292489758708,-0.06295349325659155,1.6952599693906898
2015-01-23,0.4757853155451748,0.6715608281677341,-0.23801175448646072,-0.10506492577555773,0.6564187304903932
2015-01-26,0.7867511047603423,1.0813779869488032,0.06577427434354607,-0.22049961791419134,0.5532516562486511
2015-01-27,0.5592917569532799,0.6738603182093553,-0.5508879181000155,0.08850154149986801,-0.4899527146328107
2015-01-28,0.45586414977469486,0.6691369711467013,-1.0460303777389375,0.3832046334621252,-1.2610114183966046
2015-01-29,0.9113662700966056,1.4062298387860515,-0.1686056081796857,-0.5063689797556471,0.7945791385521644
2015-01-30,0.3757830884322784,0.3433764452384144,-0.7138473055979444,0.5996047418714368,-0.8288686956671336
2015-02-02,0.2707726698258207,-0.22065739930631406,-0.5633448163026977,0.5257890054509599,-0.6694393173867167
2015-02-03,0.736451067121518,0.5927594368378322,0.05295902390463741,-0.08751480202008215,0.7395345862113746
2015-02-04,1.156595299667866,1.1798028885390217,0.47040518747337207,-0.11535947074168558,0.7768104439894882
2015-02-05,1.4309673510731158,1.5916297660246137,0.6944294030682748,-0.07508597143198827,0.6196435602772328
2015-02-06,1.6078441631645353,1.764447565620135,0.5343152514215651,0.0403520018066406,0.16068153629002768
2015-02-09,1.4382928273175364,1.6109544053091207,-0.5218469367908852,0.05227223683473839,-0.9070194871744756
2015-02-10,1.8779032065498544,2.3207767299622555,0.04601527259714353,-0.48466137094233447,0.481045834333415
2015-02-11,1.8476362856456403,2.146764614973052,-0.054697306196353816,-0.03388645558162258,-0.10490838159277235
2015-02-12,2.2831612295859807,2.6745052419050297,0.6116537002373322,0.03829829054411214,0.4217496923443249
2015-02-13,2.3006338795254977,2.587828237148021,0.5811877210138048,0.45641850516945864,-0.010265966678871401
2015-02-17,2.3624560872621974,2.53815446590878,0.12494751887289479,0.4309800155899525,-0.38470751089253497
2015-02-18,2.3014866571861394,2.432390017635791,-0.135972722278895,0.6265155421285085,-0.537582553761909
2015-02-19,1.9536449911420126,1.6734009976664386,-0.8549056750913172,1.49638926896358,-2.078892173925183
2015-02-20,2.1410980310304377,2.038332361338149,-0.5713824291153765,0.5347192852014285,-0.2369869152235471
2015-02-23,2.121115637175696,2.0931521156698802,-0.8774367513316071,0.578496479161257,-0.08802199098393769
2015-02-24,3.022897951910912,3.1955184425166867,0.8718554309899305,0.7715842230937846,1.4802518954950799
2015-02-25,3.0032061231421383,2.9167637441980885,1.0060497733394758,1.37593806443432,1.0580866233873085
2015-02-26,2.825291214365184,2.47498056341053,0.5595087000598445,1.6920746943697564,0.4749667216888911
2015-02-27,2.5748636835178513,1.9652717575081566,0.04144166493814833,1.952741563159262,0.09811976848507019
2015-03-02,2.7214891986583103,2.3881098144856683,-0.5436839053902599,1.5301402003493765,0.36511845448002606
2015-03-03,2.6555776414702934,2.333773732908095,-0.6472837093754685,1.5267430212171282,0.4924877030888141
2015-03-04,2.2786598974231977,1.5496195778921191,-1.1023423552839147,2.216167215555503,-0.5148597482931686
2015-03-05,2.4492920311593243,1.8728135053815507,-0.7876500962127326,1.7110267534210983,0.6819917584538624
2015-03-06,2.0031385947106095,0.8077519767148571,-1.211718831940448,2.5034523986931245,-0.487603246042972
2015-03-09,2.074224611282742,0.9748021491534701,-1.12984691341375,1.9587038147523563,0.388204119341994
2015-03-10,1.4434113012576522,-0.583320426431113,-1.227419710793303,2.7707534077937312,-0.4049920390697659
2015-03-11,1.3352105373256988,-0.789124579285747,-1.2406303638186016,2.3603533391985967,0.4143097112118734
2015-03-12,1.7824528305759892,0.27608307200815013,-0.7207246824035975,1.3660153197739027,2.1450170409052474
2015-03-13,1.5509942725275048,-0.06595944292241349,-1.0519456630991226,1.5784428612723262,1.3918441940006572
2015-03-16,1.8879557106918032,0.4920028866012166,-0.6215804926697904,1.1775217642201548,1.7377845782119588
2015-03-17,1.7639707917694998,0.2878749271757241,-1.0487835827931213,1.2826402605401475,0.8571819127160063
2015-03-18,1.8980515605622823,0.31511508880640987,-1.2906638043758865,0.8569077142610588,0.28408958443151333
2015-03-19,1.6584513932472233,-0.15895916114512212,-1.6253523112260373,1.179064273742051,-0.4374515412484189
2015-03-20,2.206022200480997,0.8139629923139654,-0.8862123878814583,0.2621599641554874,1.0668018965421915
2015-03-23,1.920258375662078,0.264326841224697,-1.29638809917622,0.777312773715252,0.03361010805401055
2015-03-24,1.951265827811524,0.25798461347020096,-1.3602459938319305,0.7065031406419664,-0.06888550199424014
2015-03-25,1.3466190489939311,-1.3268630569809365,-1.340098995259859,1.529329666031017,-0.6631690030331054
2015-03-26,0.9162749317319786,-2.4604588180425386,-0.8236324882230296,1.8519887569457514,-0.09171637710850003
2015-03-27,0.8569831128747988,-2.3329572826112477,-0.9836504849145967,1.2079057922347565,0.924487240021118
2015-03-30,1.0200680075813164,-1.767715604158387,-0.974628408134568,0.5613683716680232,1.460111269810921
2015-03-31,0.823547854242024,-1.9731872488020208,-1.3456135423422333,0.35864528163116116,0.7772222912136694
2015-04-01,0.6625116410678287,-2.3556406734458064,-1.2948465529044808,0.46671359101343424,0.34667596693078906
2015-04-02,0.9219424717593994,-1.7522148777433595,-1.1466236717378193,-0.3507997694991371,1.2536532353026089
2015-04-06,1.0689859862623339,-1.4684136542526425,-1.0716666902644443,-0.6066188617380117,1.2650344003998044
2015-04-07,1.0117985650445314,-1.5062216720972204,-1.241100889195146,-0.5169127146009664,0.5534177501724649
2015-04-08,1.2769128848047484,-1.111384279652788,-0.9398289366557881,-1.0020178296463058,1.0420280246546583
2015-04-09,1.0924634229350898,-1.3760620917974016,-1.5795368344116012,-0.6245454299267268,-0.2911226793561878
2015-04-10,1.2387812055924428,-1.002510353516447,-1.5128616765987946,-1.1772171040834176,0.3318300765421252
2015-04-13,1.007178044720471,-1.446632261907014,-1.8875249001283094,-0.7415799176233694,-0.5056561289327925
2015-04-14,0.8443904484457493,-1.8251143889465173,-1.9321564092958547,-0.5493195607137413,-0.8935489062309999
2015-04-15,0.645724856175586,-2.074603174684324,-2.0436995198126566,-0.4814552354701266,-0.891634116695158
2015-04-16,0.5144760200099084,-2.2344427490529037,-1.9763967684205013,-0.6175627846356847,-0.49607358895911086
2015-04-17,0.11463836753982458,-3.0906805086259266,-1.8961734157297931,-0.18866834421806944,-0.7267194170972942
2015-04-20,0.17493956246370024,-2.818940610601646,-1.7672298199873182,-0.7136960905704415,0.24976316104145035
2015-04-21,0.21268816154987766,-2.6301748854141263,-1.7439779086340377,-1.1439786861849812,0.8049597312060975
2015-04-22,0.1741429092416562,-2.6276170844440734,-1.7235617018720732,-1.185447365316631,0.5465252519863489
2015-04-23,0.5434107788911021,-1.8279993124440934,-1.262249137416122,-1.7951611185987988,1.392757856865649
2015-04-24,0.5330999995041277,-1.7979887938172276,-1.542815363614408,-1.7496468306675694,0.6800701830646694
2015-04-27,0.058434330795108055,-3.090292680959557,-1.5494747803844344,-0.5142606092563983,-0.9304567076593253
2015-04-28,-0.23879509948393532,-3.7514712878254417,-1.092977739692471,-0.3003704155961503,-0.39461983833783815
2015-04-29,-0.6605418264571765,-4.81057420514128,-0.3042619748910503,0.2478692690715394,-0.02502212698935249
2015-04-30,-1.0320357385479297,-5.466587127897534,0.36432947380770336,0.5789074622145837,0.1845663076819577
2015-05-01,-0.7388931103960885,-4.379980843903065,0.2519997932806576,-0.3500632038304965,0.903696990476906
2015-05-04,-0.5355985138576701,-3.7158656868817657,0.38538803927784604,-0.8213055709062909,0.9633135668020146
2015-05-05,-0.774243685045087,-4.110280239637028,0.34383686017331777,-0.4070679863503341,-0.23152000375454557
2015-05-06,-0.7702384959550631,-4.109742464117992,0.5528944224940342,-0.47574709937853915,-0.12310273341002953
2015-05-07,-0.36142230530137753,-3.10969213181409,0.7179581808819552,-1.186384200990298,0.6591367948901983
2015-05-08,0.35921937459883196,-1.8032943087932118,1.5582576637387628,-1.5770476539465799,1.2956628669452515
2015-05-11,0.503976728943676,-1.5781531586087836,1.6157523871792285,-1.460443675952086,0.45926990772551207
2015-05-12,0.7966704354380348,-1.212619634267682,1.5506965864120763,-1.5976574185748849,-0.10777472000681668
2015-05-13,0.5985626406938034,-1.3488310139189432,0.5323151712410871,-1.4164021534633404,-1.3314155001081978
2015-05-14,0.7027105566475552,-1.0716007085647279,0.10729892070098462,-1.7212343144363749,-1.330360036441128
2015-05-15,1.1610888060712663,-0.24714401795853363,0.6725321295913159,-2.3153092304480456,-0.17785050583170264
2015-05-18,1.6214229012084709,0.3502320587571683,1.1206291085160722,-2.1861977079217882,-0.2505429568758816
2015-05-19,1.3867859660236217,0.13609745107376806,0.6811768840105794,-1.4471264288392396,-1.2986005076223477
2015-05-20,1.1057030765331817,-0.3876939908982296,0.156156110494493,-1.191461276081779,-1.5125194697096436
2015-05-21,0.8801654012946412,-0.7878221717725774,-0.14800986648941797,-1.0259218243542012,-1.210117763273788
2015-05-22,0.8400310851478756,-0.8526176027562499,-0.2415411007138168,-1.1160584908695907,-0.6991947253716736
2015-05-26,0.40019544217952724,-1.541616244187984,-1.037744544015492,-0.7049038469972448,-1.588999962672593
2015-05-27,0.5672955010389806,-0.9764842241188135,-0.9252524482130488,-1.638086834127423,0.15405684314576717
2015-05-28,0.48616546685848094,-1.112693415022511,-1.1483592631421335,-1.62858166191268,0.3816716858757238
2015-05-29,0.18789102210827036,-1.76295677344668,-1.4757324185929712,-1.1227119596255266,-0.2640697011521201
2015-06-01,0.12811372136810026,-1.9249689325273551,-1.5605455575893667,-1.3476392186398072,0.4038190251431415
2015-06-02,-0.04468300217257877,-2.3006768539489104,-1.8756160936149473,-1.183626907019735,0.02468794610100546
2015-06-03,0.45122556668500213,-1.2936220874482072,-1.1128118284078372,-2.021889125299138,1.7665866998644257
2015-06-04,0.11553380427781368,-2.016883096904377,-1.619298865416146,-1.1658715772988566,0.16443393238844908
2015-06-05,-0.12679561628514086,-2.653270138414793,-1.5846426359344339,-0.7333492827156542,-0.29842308433601283
2015-06-08,-0.3930055736540766,-3.1443862749891007,-1.555425956194336,-0.6606034221781294,0.17198736831813866
2015-06-09,-0.5571256759581211,-3.5362236033072816,-1.2787096797627795,-0.5811295126973374,0.4036532097947013
2015-06-10,-0.2265440572031604,-2.5073413506799915,-1.283240646957159,-1.5936504172723733,1.2647102529163934
2015-06-11,0.09891189575904287,-1.73719161371624,-1.0142099349767588,-1.9687612953710365,1.362885673694044
2015-06-12,0.053333970262155195,-1.8866918852448074,-1.1191697735778905,-1.6611112968638548,0.27652846431027456
2015-06-15,-0.11931625790744635,-2.3520568512729247,-1.2282721033894224,-1.2978102106155975,-0.4350875392718671
2015-06-16,-0.165943702152407,-2.4399588179893827,-1.469265449572055,-1.3464674246732085,-0.43599822673969146
2015-06-17,-0.06404092647554252,-2.1409791014532926,-1.4125585693126246,-1.6908056824623356,0.17633109689882398
2015-06-18,0.42289763819649384,-1.1309768259348012,-0.7690954134781197,-2.4180982083624794,1.4497853579914965
2015-06-19,0.8186865869352958,-0.5294754039354456,-0.40830941125803233,-2.2412020524768845,1.0806481634597442
2015-06-22,1.2156608834703297,0.09716379862189342,-0.09960489141277043,-2.16386365876971,0.5829255302184336
2015-06-23,1.4298634181993382,0.44222293314807376,-0.16015814602858008,-2.0559925910101207,-0.019716236767955222
2015-06-24,1.2623784307313948,0.06420299358391758,-0.7528846399899486,-1.622072022797081,-1.3497615147994164
2015-06-25,1.1270897659471375,-0.17291665204094622,-1.0702196682499465,-1.3612161969821672,-1.7004480689967938
2015-06-26,1.1650875125008848,-0.11549247418293394,-1.085167899696657,-1.57660947988894,-1.04893547687702
2015-06-29,0.5702684666305715,-1.641644029239403,-1.1252824059632138,-0.6251236828265518,-1.7703153796570306
2015-06-30,0.5257344315515325,-1.6724019779678467,-1.2030959336546858,-0.9654404447466621,-0.8092756209349071
2015-07-01,0.6894232834768125,-1.2351842302285758,-1.0623057592289948,-1.454627103865931,0.3367038667940949
2015-07-02,0.5486683286406006,-1.4877951901355353,-1.2705980832391377,-1.337444585229575,-0.11607436335392385
2015-07-06,0.42265810991362174,-1.669386892296264,-1.4166178366532622,-1.4249446866419204,-0.21910092674893888
2015-07-07,0.7298800421344771,-0.9970085196903252,-1.2444137548459857,-2.048246384187848,0.7480796562838282
2015-07-08,0.3287184244355542,-1.8367660749055168,-1.9350579243154942,-1.1040173763863752,-0.8964581431973981
2015-07-09,0.38674591850043083,-1.6743758610546646,-1.888742041997212,-1.5001779805923359,-0.20672616370462185
2015-07-10,0.8206783801396601,-0.8431514498715538,-1.2434792325450232,-2.107863360409585,1.1667699553771846
2015-07-13,1.4840573920841196,0.19556974345005276,-0.3356693878532481,-2.0029183683948752,1.1775405828657357
2015-07-14,1.9401880205352928,0.8146470984723424,0.2265158359570512,-1.6899846069394024,0.5494216047505425
2015-07-15,2.249982869178479,1.265446405649552,0.29684199892216523,-1.4916797013761236,0.013552665115967128
2015-07-16,2.042830584361567,0.7366030171246303,-0.33857130188650286,-1.2090314172405319,-1.0648262447330108
2015-07-17,1.8243860198713304,0.36512244181619524,-1.0265266445633139,-0.7808737276587024,-1.8821764036948787
2015-07-20,1.4168465938538513,-0.7116505051764751,-0.9835204134028179,-0.33996302629480546,-1.8559074694462483
2015-07-21,1.3931473694809917,-0.7248532356721872,-1.066637269224767,-0.6508057791763924,-1.0040604129283712
2015-07-22,1.672244127322744,-0.03233266526074163,-0.8360573099892341,-1.3684476930718206,0.2802458240690231
2015-07-23,1.6836181631685434,0.15238317226337533,-0.9170210447974574,-1.2098870166764943,-0.012883351603830272
2015-07-24,1.3679357692270806,-0.5893091336024169,-1.251533765042879,-0.6409731569354115,-0.9985868786098506
2015-07-27,1.0929259271302403,-1.2327646275713215,-1.4167033266378726,-0.3545927307893271,-1.1901757823304238
2015-07-28,1.4116142090704216,-0.416565582559615,-1.0946404950111899,-1.2034816932125838,0.5260974394069176
2015-07-29,1.8501994145165517,0.46145425022892295,-0.557816999003509,-1.4309496639339396,1.218258906117201
2015-07-30,2.0707363485804056,0.7221503410844513,-0.37386505176423807,-1.2060688568075402,0.6320553888554847
2015-07-31,2.401694346975345,1.2640823803713044,-0.13263629429245258,-1.070089703663366,0.4695895010686384
2015-08-03,2.3640779328561328,1.2432361172714188,-0.6319160811506198,-1.0507031419224455,-0.088942442520999
2015-08-04,2.5025021831507908,1.497226722233352,-0.7128658204828342,-1.3409143831818664,0.32160576871439145
2015-08-05,2.687540866803676,1.712897577386098,-0.5194283483277616,-1.1520876035486283,0.3585087502453498
2015-08-06,2.2438830889778525,0.580997217592423,-1.0949016134937881,-0.04650461047891815,-1.49717408513804
2015-08-07,2.238668610076665,0.5076188722961444,-1.1035229464393315,-0.22317446596652943,-0.8921667655533612
2015-08-10,2.405075024488509,0.9016943971901952,-0.9110984860700493,-0.5078200109346114,-0.019728565654336422
2015-08-11,2.4424439487600798,0.7978684653059678,-0.8550662455069299,-0.491229821440138,-0.03690148680147369
2015-08-12,2.427595130216661,0.6321759088207511,-0.8668039928942752,-0.587712460278668,-0.09267231108911686
2015-08-13,2.836732295952259,1.4571512588414506,-0.47273047734970836,-0.8720938979232541,0.7795149081843411
2015-08-14,2.9623284965178147,1.5682713397581431,-0.5645202840234008,-0.7601493880526664,0.6770002045603409
2015-08-17,2.9423911163882073,1.6192873673557382,-0.6916149857337789,-0.48591888524849763,0.38919646072244346
2015-08-18,3.6681027943279085,2.5324980730919315,0.4099769558256664,-0.38567365895326466,1.2934968504455429
2015-08-19,3.7084522037505288,2.43659090689917,0.36200860187450273,0.009175667235802067,0.8322987033477756
2015-08-20,3.1979300290693233,1.1742802268558568,-0.14235084923400607,0.7503161487313218,-0.40079629149623563
2015-08-21,2.2053358951827806,-1.4695159863240035,0.20686927951913409,1.9676480345577865,-0.7100880080867623
2015-08-24,1.2274285105124272,-4.891505647547872,2.233868684145815,3.3544459502226545,-0.47630242413922774
2015-08-25,0.8057646027157721,-5.2682754973512695,2.913690357154274,3.642072509215652,0.37711720256640935
2015-08-26,1.2486350651443656,-3.8085290432423964,2.637897935282023,2.5059708302198116,0.7095300024272115
2015-08-27,1.5602389261225362,-2.7691360681497916,2.51744192697551,1.6840833808187217,0.8014323966676814
2015-08-28,1.6808075496534707,-2.4351762861622896,2.8165787425195536,1.704348341582261,0.3708138885295543
2015-08-31,1.5858621553896102,-2.5667504559073073,2.6656333338225715,1.818169336814785,-0.32897506560865486
2015-09-01,1.0971830666292557,-3.4812405084016302,1.9892352601899512,2.4345299702420613,-2.0600641045125574
2015-09-02,1.4800714665956338,-2.5900182402393623,2.405738482085424,1.6022662638039096,-0.6732415327899344
2015-09-03,1.5664136833555518,-2.2474185215989873,2.402055348972206,1.3303300049584523,-0.5410529188418747
2015-09-04,1.234600793393155,-2.776219148987505,2.2603853475379583,1.6796876277273414,-1.3828929749964325
2015-09-08,1.4253446437414814,-2.1403972865356744,2.3020297471418507,1.0023686067754458,-0.423162053661599
2015-09-09,0.9628733084534999,-2.684484533669728,1.3710127232915081,1.5319636016215408,-1.8011495610913164
2015-09-10,0.9513695293938637,-2.441248615601701,1.272099725258273,1.121048554446348,-1.3036189405833218
2015-09-11,1.1051843283693399,-1.9791518754328181,1.353974310555307,0.5355282933299094,-0.7527334197961522
2015-09-14,0.9327582526996578,-2.182979736176715,1.0698616129829053,0.7705043226140245,-1.2511162077086135
2015-09-15,1.0942950413526904,-1.5646476210114266,1.0458687744294388,-0.0784974486039995,0.06242833601053623
2015-09-16,1.4277558362251317,-1.170726170030927,1.4088205958164972,-0.15585621308380887,0.40401416134314794
2015-09-17,1.6871732347825503,-0.7964934711823576,1.3539540731247521,-0.14125568480502243,0.03503862340873191
2015-09-18,1.194583720524002,-1.8032715327746929,0.9038084855932138,0.6855113555020307,-1.2539994293918921
2015-09-21,1.2685085831724123,-1.6822315465511302,0.6515251908209857,0.30198606606220824,-0.6435356161000476
2015-09-22,0.9666735966726475,-2.185445102027927,0.2632507087077174,0.5477247592132223,-0.7013305549880949
2015-09-23,0.9942014686205619,-2.0621322949498495,0.1797847417948597,0.23835917754280933,-0.26355901846733265
2015-09-24,0.9774893541568811,-2.020341438167995,-0.03271047185732467,-0.16865784202987497,0.15153946946602687
2015-09-25,1.1956571159598823,-1.5350942585020175,-0.08561513643264484,-0.55658917706332,0.4976485326999036
2015-09-28,0.6433183096200649,-2.9290198724901266,-0.2876651032119891,0.8545150947091112,-1.1277543501727216
2015-09-29,0.32742805108161155,-3.6522895866709866,0.18971319797170597,1.1181336639833939,-0.5658929165282155
2015-09-30,0.5778503890132863,-3.033094183515583,0.3875893569049587,0.3600132188867638,0.7996695264338898
2015-10-01,1.0245703518045925,-2.1536273236475716,0.7871321374289364,-0.13720569433613844,1.2110880702758295
2015-10-02,1.4329241695418569,-1.4328865657818053,1.0670991563726135,-0.3484654104075284,0.9825135437853683
2015-10-05,2.0179581728498923,-0.6233444846537185,1.5274764505960634,-0.43341151701056563,0.6500173723518757
2015-10-06,2.1422419404224784,-0.2853262602549272,0.8477041517650318,-0.6615255010058521,-0.34371271605555564
2015-10-07,2.5118936272012133,0.30243205023505937,0.7286288600698758,-1.0353403029438744,-0.4278416592240182
2015-10-08,2.943770280083553,0.8587568956723454,0.9800645217067867,-1.1697811196840737,-0.18925209398057558
2015-10-09,3.1889149194781834,1.046191932258858,0.9313581552514191,-1.044046186403759,-0.5534760004068215
2015-10-12,3.4261447248500105,1.2615164611883232,1.0237372362989372,-0.8745495871132367,-0.5386432692154725
2015-10-13,3.412604389573165,1.1739406471308091,0.557871035885585,-0.7130765234594127,-0.9927242026303816
2015-10-14,3.0341742320037004,0.1811991657943355,-0.1627774856825625,0.15528604877601354,-2.476386372184328
2015-10-15,3.2961047858159978,0.6391857555469256,0.13853797718498662,-0.6334249846243264,-0.8393117204371775
2015-10-16,3.5043978219521943,0.9542993443276332,0.22958259843635492,-0.7910888397979889,-0.25590046145527146
2015-10-19,3.5951144533146713,1.1508432685964416,-0.004865784702560379,-0.7394355350766164,-0.24515402353650112
2015-10-20,3.526193369382577,1.0527237388741146,-0.35086481782513484,-0.5227283023529159,-0.5426556621525066
2015-10-21,3.6347327872601807,1.3569528320513875,-0.7734068067529106,-0.7695260794856984,-0.36295359763375656
2015-10-22,3.8397007503183493,1.640334700737997,-0.7060379514491393,-0.9750178177921144,0.2682378682545633
2015-10-23,3.9344414991416863,1.6933755335936291,-0.7661569370414278,-0.6487757803162553,0.1860495850461816
2015-10-26,3.9759684490604417,1.6267150392210827,-0.8867438347954957,-0.45785165668475863,0.20157430910940335
2015-10-27,3.7516186087009613,1.1887792391336447,-1.4046166055954128,-0.06482256785572492,-0.38091749509948125
2015-10-28,3.3905301333324633,0.2635083151970787,-1.928298952080505,0.6110279860865143,-1.549967906623433
2015-10-29,3.205069901726599,-0.045208572715180737,-2.0252188390626418,0.5861310806851294,-1.0776417014767905
2015-10-30,3.1747388769886116,-0.09845097473970954,-2.031510670408429,0.4670258859138159,-0.5275156908891488
2015-11-02,3.3059060519205654,0.26509176233848525,-1.8713296898407494,-0.29595103369570375,0.687733482566234
2015-11-03,3.6182698759846352,0.8899788933598898,-1.4691670862835144,-0.5096792023829507,1.3188858861590214
2015-11-04,3.583885172037872,0.8128758326996847,-1.5925024632353217,-0.2014950783212376,0.6191649232746161
2015-11-05,3.716518917122821,0.9832920175263722,-1.573966353065375,-0.19090986379309627,0.44045295095394943
2015-11-06,3.7980558100559536,1.0589216668990171,-1.7121741749926356,-0.2794810751458095,0.2977603958130956
2015-11-09,3.278053750365946,-0.1910380963565766,-2.377390436944695,0.7294565903739125,-1.5284350427981828
2015-11-10,3.343106058179349,-0.022824296167685106,-2.2476970860745005,0.12681466900160154,-0.367496872159906
2015-11-11,3.063896337073584,-0.5763610585659885,-2.4882189691156293,0.3852401565895962,-0.5647813305060435
2015-11-12,2.7259482991531985,-1.4389886408804315,-2.4244370390043386,0.6573970901727282,-0.7943589935557387
2015-11-13,1.935424704989378,-3.5769436758400412,-1.386915697606833,1.6780571961677018,-0.5775728815359283
2015-11-16,1.8087533237054707,-4.010805325623573,-0.8782295285424582,1.5745258210584914,0.45552328485091315
2015-11-17,2.8571178813886506,-1.7321679318209353,0.09823643114717243,0.3586355189805374,2.3499820518613936
2015-11-18,3.315464336124057,-1.019590494579467,0.5437065872731407,0.17330232493918224,1.7124676595235595
2015-11-19,3.7902599008943625,-0.2753450814956087,0.9906758310403757,0.1361455748661231,1.0585059085153887
2015-11-20,4.595054903161248,0.8851992470541165,1.4708221012156297,-0.10319002454811765,1.0396491791305162
2015-11-23,5.2912665142603,1.8519160469026545,1.6673916284590018,-0.3032340417488483,0.8139034281005918
2015-11-24,5.775314034647569,2.216324650194369,2.1658161100743007,0.1081217992684012,0.5869883443267704
2015-11-25,6.206304746312998,2.592122522147369,2.36208465491546,0.40145019448884,0.4116995479677517
2015-11-27,6.419967269527072,2.8123712506406693,1.8030020417946488,0.4511320189834544,-0.09037531344058974
2015-11-30,6.2219097451555045,2.2534782976837637,1.122151486416673,0.8661434482160907,-1.0364723301273246
2015-12-01,6.336509443578528,2.273265447910205,0.8723004508144322,0.8872318846372347,-0.824353323945871
2015-12-02,6.123091462750116,1.7652555420496023,0.38140537948445635,1.6673651716764468,-1.7222763138595163
2015-12-03,5.530448999998746,0.20299214249022085,0.6049656313216233,2.458544665528869,-1.8301844679522778
2015-12-04,5.762819898815157,0.8981728578275039,0.4521317047269529,1.4124260754328495,0.09474987090706388
2015-12-07,5.456669911745798,0.6652009633660492,-0.3552802567845104,1.4553229433250363,0.005423355573366292
2015-12-08,5.3224255612677,0.49871250739541023,-0.669598636078664,1.3644497350673073,-0.004250998725762009
2015-12-09,4.784934940467169,-0.4471875543223342,-1.3321904697844917,1.7669545723555402,-0.5087792431625728
2015-12-10,4.5862521845377655,-0.6360929156485793,-2.1794214566423413,1.471821296838118,-0.3231277587067597
2015-12-11,3.9301229884250293,-2.0092585219268466,-2.331626971958433,1.9663047744218862,-0.2547541092327656
2015-12-14,3.8958319607213237,-2.0272363240708366,-2.332212471340154,1.3098044184454438,0.9731546613551159
2015-12-15,3.5708115974242745,-2.3972694331317896,-2.7086387601646384,1.2178832670643296,1.1130868537413523
2015-12-16,3.811897688673747,-2.0293309820747276,-2.2578754981932354,0.44851305430026767,2.041257525433089
2015-12-17,3.4931121820065125,-2.537442656687039,-2.673225846402294,0.7881509350763176,1.1096425750880838
2015-12-18,3.1999062389500192,-3.1481267012942054,-2.725607264995733,1.1585986301335414,0.3165833237859885
2015-12-21,3.220750526925415,-3.0030663420754196,-2.586362751761032,0.5434959029044854,1.3113808924363552
2015-12-22,3.342066676311609,-2.7169014514419776,-2.4646525235116465,0.11364145143372002,1.6236582921838334
2015-12-23,3.739508147297463,-1.8617993036671934,-1.9651664617419333,-0.5626030863529502,2.1481143253538404
2015-12-24,3.832492759321968,-1.660909805532063,-1.9538188225621969,-0.4892263409189693,1.4057908489993545
2015-12-28,3.8540723044693324,-1.6365719389312718,-2.1785006182946973,-0.5668688439728222,0.612463551324881
2015-12-29,4.1811452497116495,-0.9204884830709802,-1.902879244656109,-1.0449392449711037,1.1074621747086941
2015-12-30,4.171774240231986,-0.9317047538076684,-2.116132758621316,-0.8914313037266905,0.2993533343605649
2015-12-31,3.904727051093249,-1.6648189642807045,-2.3320074257003314,-0.1852764409953754,-1.0202442608096747
2016-01-04,3.4837536014767805,-2.7433162522087144,-2.0372594803661817,0.21724269202465654,-1.0341886200896964
2016-01-05,3.207462096213526,-3.144483051246828,-1.8851820316256254,0.2609626595623033,-0.28452803904846063
2016-01-06,2.7212181601936707,-4.124314661891726,-1.6550323065518924,0.5205258282669343,-0.008471500185366573
2016-01-07,2.0520329428864406,-5.7847210712333546,-0.5503830089223515,1.3159722176426212,0.10648290977445873
2016-01-08,1.6672213901870125,-6.500256762940234,0.294420778866247,1.5570971939992337,0.645768927155594
2016-01-11,1.7686278421669135,-6.054163691700129,0.5321544348827495,1.0061242183911587,1.1764216903011493
2016-01-12,2.1529353452023057,-4.819260889681023,0.6938857866283304,0.07634027368990039,1.63301807881994
2016-01-13,1.4485217076423167,-6.380397437352973,1.1337091925298508,1.1646168329372353,-0.1315209095253735
2016-01-14,1.0976723230369179,-7.131760926503024,2.316142160956849,1.4905929756874565,0.17049326183509445
2016-01-15,0.797219380801188,-7.561561385035795,3.080082491489465,1.5387896135415278,0.578213729097321
2016-01-19,0.7948037241778175,-7.181425464149439,3.318050188670509,1.0818235779474454,0.7455802041745142
2016-01-20,0.13366780274560797,-7.780520093604038,2.717979953880068,1.054768027316234,-0.8304308806942634
2016-01-21,0.6628787979630689,-6.123548616437573,3.105821123550111,-0.39615047187871794,0.7649619123909993
2016-01-22,1.1548381481244885,-5.005819699657596,3.6460441712383105,-0.9450636527993275,1.2425758452680005
2016-01-25,1.147152956706245,-4.723303329354219,3.449427127181397,-0.992517267577858,0.3943221497737826
2016-01-26,1.283179629581341,-4.360514070471095,3.369967778993929,-1.2116377743021551,0.09912940414672686
2016-01-27,1.2232825758344477,-3.8050514556549158,2.0270717277706938,-1.668544762339145,-0.9996390530901936
2016-01-28,1.3955227953665108,-3.3711861837389225,1.765999159381587,-2.145735882270272,-0.9985910883448783
2016-01-29,2.1901691259166185,-2.1548316589720353,2.926255743288109,-2.5836831206487543,0.2691411707747
2016-02-01,2.630521858096351,-1.5963932155172993,3.124698197295877,-2.432086757902734,-0.20459474799671826
2016-02-02,2.6554162848947827,-1.4488969669966487,2.6500893288364935,-2.2437326646833897,-1.064164391256338
2016-02-03,2.4659857276981025,-1.9467543434871886,2.1242676662483757,-1.8250640657750576,-2.129199692815979
2016-02-04,2.033720321406752,-2.8413809710625224,1.9469701804074415,-1.0431281043760652,-2.5625418005043783
2016-02-05,1.3484561128066876,-4.444912086229183,3.0261600193143607,-0.006299307323215698,-1.5115964746155763
2016-02-08,0.5577001224082324,-6.302054745516422,4.496980312847042,1.0565440114777227,-0.42820070786545106
2016-02-09,0.31643181426252454,-6.416170433235362,4.372784803200492,0.7391007906588063,0.4645637460355046
2016-02-10,0.17138809655261722,-6.1459878658599205,3.9032717302743096,0.13122454526463073,0.39486348886982364
2016-02-11,-0.1483033225398147,-6.103804391227427,3.1861520348110557,-0.3921137658044445,-0.4414663952186654
2016-02-12,0.3293289061631977,-4.965276426083096,3.7723198678446073,-1.37594926508234,0.7614462689654183
2016-02-16,1.015271856439592,-3.9116011085023357,4.505694934212732,-1.5716916558645302,0.9738478221942729
2016-02-17,1.6261274767318543,-3.1053985381837914,5.072766164601537,-1.5538328242075752,0.6222546278417896
2016-02-18,1.7482797328559578,-2.8705829237366847,4.783543830254982,-1.4737960469064166,-0.2960018827766524
2016-02-19,2.0686153679419284,-2.193483094502879,3.951585725173766,-2.0589021421183964,-0.7144885253934357
2016-02-22,2.4778465218374324,-1.2513740443138517,3.3458805190584564,-2.592678637975121,-0.705903110501475
2016-02-23,3.0159118785388275,-0.44812455325877887,3.444502175726882,-2.59984248049907,-0.5958194842108845
2016-02-24,3.4198729258161116,-0.15476558695144024,3.6063024829633354,-2.3047652538563907,-0.8366339069348735
2016-02-25,3.9275236889497247,0.42635660872993364,3.627260092075879,-2.2164295997875088,-1.059842690624064
2016-02-26,4.079415125305272,0.6212875649469817,3.187758400593549,-1.897663450862438,-1.6780999499165299
2016-02-29,3.7057163239994155,-0.14091983404690275,2.1113336825360203,-1.0812439695744929,-2.983156976737914
2016-03-01,3.8506530848474356,0.08990821637801807,1.825584253658626,-1.4135975388761826,-1.9870113134927192
2016-03-02,3.74633384306414,-0.012810674950460997,1.3271879783158187,-1.2540198821241242,-1.8312901582850332
2016-03-03,3.914417976558085,0.5630251012382919,1.0109781817512875,-1.700749629156929,-0.7798106522492249
2016-03-04,3.5997120753500824,0.2109753226405366,0.18155067505391315,-1.1920748827464465,-1.3498478863219818
2016-03-07,3.630232424274024,0.2920113896749664,-0.321140682036606,-1.351288133739536,-1.0771440532170902
2016-03-08,3.76436780360153,0.519047062832457,-0.3722368514111439,-1.4119008726497966,-0.43130266429683267
2016-03-09,3.4906389977536816,0.1311390007473823,-1.131994911089718,-0.8400438619098101,-1.236756833288381
2016-03-10,3.258341393549081,-0.21030272388714125,-1.5328619768779175,-0.7675643283879545,-1.072658088285182
2016-03-11,3.7260103565235076,0.5798807010614261,-0.7819585485644996,-1.3787590918560755,0.7315994057882906
2016-03-14,3.909358303725073,0.6843553823143461,-0.6289629264181734,-1.007687994806225,0.49455328102085466
2016-03-15,4.227891827716614,1.0052381292643582,-0.2680050953380354,-0.7739186089551082,0.4068415977156353
2016-03-16,4.458332930563234,1.1725125327565056,-0.17531904037508095,-0.5695028482733793,0.30655308706429996
2016-03-17,4.652808851717154,1.4020954283881513,-0.45636431713426756,-0.6522310133208702,0.09095102926799917
2016-03-18,4.856467136274797,1.5910040374360832,-0.4574983134977589,-0.46995585938720597,0.10846417915491763
2016-03-21,4.767858157414224,1.3306403921972185,-0.7997949304989912,-0.1456756247673113,-0.41997360913442866
2016-03-22,4.554181852197658,0.8554836120466861,-1.3267248263546174,0.4287944516935354,-1.2541799164110297
2016-03-23,4.361602971900496,0.448313489520247,-1.553068056963321,0.8366799988291774,-1.4859261720127919
2016-03-24,4.333145009748685,0.34163809936575196,-1.5383985606605763,0.6279791897502045,-0.7923272929673737
2016-03-28,4.505262190129088,0.8280180557729722,-1.272906689086012,0.006480161827937682,0.48460145433505186
2016-03-29,4.796760698021004,1.258762392466059,-0.7960251881378487,-0.048661525929696955,1.0402154731919775
2016-03-30,5.036501512380165,1.5584808826673604,-0.5444755048807604,0.21355772751622476,0.9453923177553706
2016-03-31,5.0788668777344474,1.605684498152315,-0.8021523194349897,0.43157950898471503,0.6199035487886946
